,0,1,2,3,4,5,6,7,8,9,10,11,12,13,14,15,16,17,18,19,20,21,22,23,24,25,26,27,28,29,30,31,32,33,34,35,36,37,38,39,40,41,42,43,44,45,46,47,48,49,50,51,52,53,54,55,56,57,58,59,60,61,62,63,64,65,66,67,68,69,70,71,72,73,74,75,76,77,78,79,80,81,82,83,84,85,86,87,88,89,90,91,92,93,94,95,96,97,98,99,100,101,102,103,104,105,106,107,108,109,110,111,112,113,114,115,116,117,118,119,120,121,122,123,124,125,126,127,128,129,130,131,132,133,134,135,136,137,138,139,140,141,142,143,144,145,146,147,148,149,150,151,152,153,154,155,156,157,158,159,160,161,162,163,164,165
기술,0.04054403486020659,0.034737779984116104,0.04575645946909503,0.0,0.1023591563393047,0.034403905103351486,0.10354171053964972,0.08408734570220927,0.036958901661739985,0.10131888169714243,0.08693670893684148,0.02315706735960953,0.09457251649393107,0.13340138892687461,0.20645746456399336,0.0,0.04374184083790678,0.02735978081185821,0.11685964317399322,0.21087528884277743,0.2674372937103073,0.04024878491136219,0.08002236244495374,0.11720039675334765,0.08108675730782859,0.1157401360999288,0.06456952762180378,0.15465442294705664,0.05870498570990671,0.03504027232140617,0.17073870800867158,0.09072007904764187,0.0,0.05433032470390428,0.018815210310902632,0.0,0.12360841105321568,0.13637341323429453,0.12687666004465667,0.029155471983714643,0.12317491461210903,0.047880598875856814,0.18599215225965832,0.015214390831050001,0.1000034257060153,0.013738130762309354,0.09365834348558556,0.14143960624637805,0.031439245293582885,0.0,0.09557760359991634,0.04795853094079557,0.027540607583053267,0.04836210154702671,0.047975355080077865,0.06700341315789819,0.09784704387179308,0.07367462226853595,0.02198939065338719,0.026244099706748854,0.010348953233565984,0.13761684738904342,0.04858530537337781,0.07947640255623215,0.025885528361974882,0.020422109857434978,0.0,0.03449681822351137,0.01558429943623843,0.06869933279227079,0.027895384471063978,0.019159524122446387,0.09207198523487517,0.029902381188733486,0.08365789896218408,0.024484547665253018,0.17100624177008336,0.07447479233000766,0.0,0.0,0.18626483865307442,0.05883633136430767,0.022242551301521307,0.12808873901287043,0.035701047378638114,0.09559309011350663,0.020063268916632904,0.22824831121648015,0.08599201509989877,0.02888794744219038,0.10714662000247584,0.127123847246064,0.0,0.09249251192375627,0.034397429817977325,0.014984225040373958,0.09554378721874665,0.051420272297915376,0.04754473560062389,0.0,0.0,0.00858211094860234,0.0,0.0,0.0,0.0,0.013939277275307683,0.0,0.1250165074127344,0.0,0.0,0.0,0.0,0.0,0.0,0.1023591563393047,0.07947640255623215,0.022756736779880726,0.03938730433578046,0.029903032495193195,0.029127156716037023,0.026373011127604387,0.10134836378793308,0.0731713949146051,0.04562887820676191,0.09559309011350663,0.02073421623626351,0.04795853094079557,0.0,0.06159679633563285,0.0,0.0,0.17100624177008336,0.22824831121648015,0.0,0.010075367327796807,0.029902381188733486,0.0,0.0,0.020158044189965574,0.015832568250699237,0.06731875028986997,0.060723335897491876,0.0,0.07147970657844249,0.018399736050253652,0.050057854850295715,0.016640403405786347,0.029155471983714643,0.026655295773011838,0.12378842864754833,0.0,0.10172400178773325,0.009780407087065382,0.05487996390170304,0.04437679617620782,0.07923070164756736,0.029025349782378928,0.010219292023577813,0.0,0.04100805718797237,0.0,0.0,0.11107098116312168,0.028932135090323625,0.10300935856995064
배터리,0.0,0.0,0.0,0.0,0.0,0.0,0.013333095563055132,0.0,0.5711049954958992,0.04892572972413034,0.0,0.0,0.0,0.5668784502273743,0.0,0.0,0.0,0.5548924661759999,0.020520067557790334,0.0,0.0,0.0,0.0,0.0,0.0,0.0,0.0,0.0,0.0,0.0,0.05496518017539518,0.0,0.0,0.0,0.0,0.0,0.03979272576192414,0.03292658113520421,0.0,0.028157688248446357,0.07137570980049435,0.0,0.07185078729523317,0.0,0.16556746650486165,0.0,0.6719372161508896,0.0,0.12145321718511275,0.0,0.5846088740718749,0.0,0.0,0.0,0.0,0.036977351143763285,0.06299895856971992,0.0,0.0,0.4562271264103631,0.0,0.0,0.0,0.07675649248746227,0.024999651460622323,0.0,0.0,0.3331623832546847,0.030101920170673296,0.0,0.0,0.0,0.5335261095633673,0.0,0.06463590889046082,0.31528821779893806,0.0,0.0,0.0,0.4141405417265433,0.0,0.022729113453060768,0.0,0.07422310535618694,0.0,0.12309549446385225,0.0,0.0,0.3737210495086503,0.05579863832552945,0.0,0.6788641580871642,0.0,0.0,0.0,0.0,0.0,0.0,0.0,0.0,0.0,0.0,0.0,0.0,0.0,0.0,0.0,0.0,0.0,0.0,0.0,0.0,0.0,0.0,0.0,0.0,0.07675649248746227,0.0,0.025359571999682026,0.0,0.15002849072163627,0.0,0.016313322096247543,0.0,0.0,0.12309549446385225,0.0,0.0,0.0,0.0,0.0,0.0,0.0,0.0,0.0,0.0,0.0,0.09889223203172276,0.0,0.0,0.0,0.0,0.0,0.0,0.0,0.0,0.0,0.0,0.028157688248446357,0.0,0.0,0.0,0.0,0.0,0.0,0.028572063428149736,0.0,0.0,0.0,0.0,0.0,0.19503478206356206,0.0,0.0,0.0,0.0
항공,0.03838401401103242,0.016443546359160763,0.02165937094584512,0.034684065603233415,0.021534639529764133,0.09771301598924369,0.026140114778304545,0.007237046800893564,0.034989882090126254,0.0,0.12345761338543923,0.021923353239272164,0.11937877127680785,0.012629430690150727,0.05330679619980636,0.039135123274548884,0.14494008874125733,0.012951081628186405,0.030172864884365984,0.0,0.0,0.15241797510203547,0.015151819456912177,0.09510551788070923,0.012794464254911845,0.0,0.09169428973213567,0.012201255494459742,0.01852580781838705,0.13269387798946783,0.05388081529154635,0.0644151623769022,0.00990482046762618,0.017145275516270906,0.035625625258281376,0.0423362800298865,0.039007686318568095,0.03227699846824522,0.06005859448398131,0.3312262478995305,0.0,0.13598914743766674,0.035216649763113506,0.07201915063978054,0.02705018599220726,0.02601243835173591,0.012666944122768845,0.015753444797649008,0.029764290505521273,0.029212202961819644,0.030161872873690578,0.0,0.008691118771521266,0.009157113196969992,0.0,0.03624785401576163,0.04631707618472919,0.0871869235253574,0.020817885586471165,0.02484592109108222,0.01959520641131828,0.14657083079216668,0.02299843921075052,0.050161482608283965,0.012253226482697907,0.019334103120358093,0.03173939446690847,0.03265896841774153,0.029508063022105072,0.0,0.013204616068335239,0.018138782804828824,0.01937039229055716,0.004044186321891504,0.015840189448187773,0.023180110807355252,0.0,0.07050707908377074,0.046083758226359066,0.02136685727056139,0.0,0.011140354309737907,0.010528779433798452,0.01212646933112972,0.11829664403907289,0.05027793337575998,0.018994379761620613,0.07202939064431685,0.020352677797190803,0.10939566160045017,0.04347355071650794,0.007079482767249704,0.012204931391844373,0.029188296016401574,0.0,0.0,0.09045360383879625,0.0,0.060015661284083664,0.03068269204427258,0.08548581807952887,0.04062445536454292,0.0,0.012653749233441957,0.05608535028363342,0.010334572505351284,0.006598324711438816,0.054741840339624426,0.059178068841521866,0.01747248216539754,0.02062865323254526,0.05430020076970609,0.12548830452537207,0.041003360362709886,0.12184478991858473,0.021534639529764133,0.050161482608283965,0.10772175320192931,0.06214818228682874,0.028309920860747916,0.00919179352642757,0.09154920366937505,0.007995744686495936,0.005772760113978366,0.017279183055508227,0.05027793337575998,0.10796269959206829,0.0,0.0,0.0291575851014054,0.043540301228938136,0.08430569044357399,0.0,0.07202939064431685,0.0,0.009538592841336175,0.004044186321891504,0.0,0.01228379337306245,0.038168211589718753,0.014989073575455434,0.0,0.0,0.013922491318209452,0.03383577964392864,0.026129209714352387,0.007898496077827987,0.0,0.3312262478995305,0.016823473538457888,0.01464918574333456,0.034162493512286646,0.013757794539553928,0.0,0.02597809160572024,0.014004193811044978,0.05000640863084634,0.013739498751953676,0.009674849816213974,0.12500297376059297,0.0,0.0059745966868595774,0.06498760808024079,0.009559415655066392,0.05478149782107829,0.03900857599643748
산업,0.09922205691642952,0.0,0.0,0.05977183331908364,0.0,0.0,0.05912530307905714,0.0,0.0602988537753903,0.0,0.2482168412032454,0.0,0.07714804941216108,0.11426406098122571,0.022966201350773523,0.0252909155609852,0.02676198506273971,0.03347833705124975,0.025998789635252935,0.03686200163770698,0.022568631748251532,0.024624875404371385,0.0,0.12292311462675526,0.0,0.1274611292400552,0.07900941984249439,0.0,0.0,0.02143822085437131,0.0,0.0,0.012801900550361265,0.0,0.0,0.1094386008078239,0.07562567982663461,0.0,0.12937541477765468,0.10702681333645984,0.09043255140090481,0.0,0.0,0.0,0.06992429435200183,0.0,0.01637192309206326,0.05090300078741419,0.0,0.0,0.07796795473551212,0.13692852196096575,0.056166004496525125,0.0,0.13697655730483468,0.1054126325185444,0.05986444732021646,0.0,0.013453474589362007,0.0,0.0,0.06314720546149205,0.029725297147169767,0.0,0.07918598189904709,0.049978344622448975,0.0,0.02110572660695176,0.0,0.18013454291836042,0.03413371948841466,0.0,0.037554113656432846,0.0731790947416862,0.06141995122800497,0.0,0.01743741004120495,0.05467789855316069,0.07941718098832377,0.0,0.05697996168267507,0.08639290844404375,0.0,0.0940401827038876,0.021842494014181892,0.025993529314658186,0.024550082610668388,0.1462959242378343,0.0,0.0,0.018729737863931367,0.16470313857277444,0.03154955072897358,0.11317691140121171,0.02104491912895448,0.07334078292556981,0.0,0.06291955403789413,0.03878487902603764,0.039657131944187296,0.0,0.021002712333426488,0.0,0.0,0.0,0.0,0.0085282814596109,0.035376693513132516,0.2549572552569319,0.0,0.0,0.0,0.0,0.0,0.0224976297178548,0.0,0.0,0.0,0.01606520484893523,0.0,0.011880318980984213,0.021513928581465457,0.062006613024738186,0.029844983509511244,0.044666409409663696,0.025993529314658186,0.0,0.13692852196096575,0.0,0.0,0.0,0.021792884957698547,0.01743741004120495,0.1462959242378343,0.030086917086001808,0.03698566289342528,0.0731790947416862,0.0,0.0,0.0,0.0,0.1555943134547599,0.12074252422020501,0.0,0.08746494446038669,0.0,0.010208742461942486,0.1018087530961187,0.10702681333645984,0.021744203830338486,0.07573581758211713,0.0,0.0,0.023935262289622727,0.016788236915126528,0.0,0.016158219936071416,0.0,0.06252332669313695,0.053855111721039156,0.010035764319872277,0.038610590097866326,0.0,0.12355467616573186,0.0354023220005599,0.05041826978589205
모빌리티,0.0,0.0,0.0,0.0,0.21035575482948493,0.0978959204090977,0.07856713570595174,0.0,0.0,0.0,0.0,0.0,0.04485083655360998,0.018979606695253046,0.0,0.14703141929834618,0.06223345513178375,0.019462986227304104,0.0453440160862424,0.0,0.026241026739941994,0.05726372969011835,0.0,0.0,0.0192276204202996,0.09880117199840488,0.0,0.07334456672025248,0.0,0.0249266740213404,0.0,0.03226786905176732,0.0,0.025766053432190756,0.0,0.0,0.2931052723523002,0.0485061244057762,0.12034203071028586,0.0,0.12267248617167636,0.0,0.0,0.021646187974810494,0.24390737972025395,0.019545847362917503,0.0,0.035511599100179626,0.022365003665549478,0.0,0.0,0.022744242326626706,0.03918324271430064,0.0,0.11376110571383899,0.0,0.11600943737785907,0.23584533654296896,0.03128528041775765,0.03733864351128602,0.0,0.024474198311350167,0.0,0.018845766577160004,0.05524273225652967,0.0,0.011924552232532658,0.07362022772627773,0.022172473337814812,0.0,0.01984399975639998,0.24533193523226432,0.014554988115744943,0.1519408666846777,0.3332666391012425,0.011611750285758832,0.0,0.06357515218566516,0.02308501012790541,0.0,0.15458755621287648,0.01674181112609354,0.0,0.2004612769719059,0.05079346199510525,0.36267873325422445,0.0,0.06185504493287688,0.0,0.08220032566324495,0.043554926820728,0.010639101779386496,0.0,0.0,0.0,0.04263744181184708,0.022655729926230144,0.0,0.04509600134294885,0.0,0.0,0.0,0.0,0.0,0.0,0.0,0.0,0.0,0.0,0.0,0.0,0.0,0.0,0.0,0.0,0.21035575482948493,0.018845766577160004,0.0,0.018679354367870146,0.08508873862853789,0.0,0.0,0.09612853855951035,0.034701395240182724,0.0,0.36267873325422445,0.0,0.022744242326626706,0.039740498474717556,0.0,0.0,0.0,0.0,0.06185504493287688,0.0,0.043004014590119946,0.1519408666846777,0.0,0.0,0.0,0.022525696380773216,0.0,0.0,0.0,0.0,0.0,0.0474796854170423,0.0,0.0,0.012641223458193625,0.0,0.0,0.0,0.0,0.0,0.0,0.0,0.020647825614607228,0.05815775828773828,0.0,0.0,0.008978670382014137,0.0,0.043097892649531504,0.0,0.02931119574264182
드론,0.1043034169431592,0.029788756528186435,0.0,0.0,0.0,0.0,0.023677420239580978,0.013110470237146076,0.02112895956802023,0.021721044781534398,0.0,0.0,0.0,0.022879190881407087,0.0,0.17724075960606803,0.0,0.0,0.09110079887537083,0.0,0.0,0.0,0.10979477319612237,0.0,0.0,0.0,0.4983339017377845,0.0,0.26848747419133745,0.3605778404979248,0.0,0.0,0.2691502297505969,0.0,0.06453857664299589,0.0,0.03533272096819749,0.029236140058544996,0.0,0.025001749011720423,0.0,0.32847315009510336,0.0,0.05218730550979999,0.1470105146962617,0.0,0.0,0.0,0.0,0.0,0.0546405664473911,0.0,0.0,0.0,0.0,0.508909889405332,0.027968989077908738,0.0,0.0,0.13503092543448547,0.0,0.35403253428313,0.041663452105371084,0.09087140692607212,0.022197667851282375,0.0,0.01437459221805999,0.17749274470513043,0.0,0.0,0.0,0.0,0.05263644659086025,0.007326356435899413,0.0,0.0,0.17108387046480447,0.5109161166246691,0.0,0.17418471830609827,0.0,0.0,0.0,0.043936074927085185,0.0,0.0,0.0,0.0,0.036870450592270274,0.0,0.02625190027795429,0.012825030798882744,0.022110177557429733,0.0,0.044245343075102916,0.025698903712059535,0.0,0.0,0.05436150702593688,0.0,0.01935802172599199,0.0,0.0,0.0,0.0,0.0,0.0,0.0,0.0,0.0,0.0,0.0,0.0,0.0,0.0,0.0,0.09087140692607212,0.0,0.02251724816989146,0.05128561208350476,0.04995493552950687,0.0,0.2172736524030368,0.0,0.0,0.0,0.0,0.0,0.0,0.0,0.0,0.0,0.17108387046480447,0.0,0.0,0.0,0.007326356435899413,0.0,0.0,0.0,0.0,0.025656879923224952,0.0,0.0,0.0,0.0,0.04292621034333773,0.0,0.025001749011720423,0.0,0.0,0.0,0.0,0.0,0.0,0.0,0.0,0.0,0.0,0.0,0.0,0.0,0.0,0.0,0.0,0.0
로봇,0.10995205078872934,0.0,0.0,0.06623563204672014,0.04112437326318629,0.0,0.36191549942352086,0.11056382478164656,0.3340982256797008,0.0,0.0,0.0,0.0,0.07235469454951043,0.0,0.0,0.0,0.39571973465607635,0.019206886904380636,0.0,0.11670974478414214,0.0,0.0,0.0,0.048866787205260685,0.18832657430320157,0.0,0.0,0.0,0.0,0.0,0.0,0.0,0.0,0.0,0.0,0.0,0.0,0.03823099451479636,0.0,0.17815473326256578,0.0,0.0,0.0,0.025828664186475215,0.0,0.09675948139065516,0.3008411369710139,0.0,0.0,0.20159884303194728,0.11560848671078895,0.2821540524508091,0.01748719966289437,0.2312980857177422,0.0,0.0,0.0,0.0,0.0,0.280655005223482,0.0,0.043919769228845,0.0,0.2573978007581639,0.0,0.0,0.0,0.0,0.05323053637410746,0.0,0.03463935737464448,0.03699134325931964,0.0,0.12099907454248321,0.10328897765919494,0.0,0.0,0.0,0.0,0.22450433428303407,0.0,0.0,0.0,0.0,0.09601500392837142,0.18136638928642268,0.05895147031134093,0.03886719893686589,0.05222780737532275,0.0,0.05407832184574499,0.0,0.05574044453522455,0.015547161513764562,0.0,0.0,0.013280714497364295,0.0,0.0,0.0,0.0,0.0,0.0,0.0,0.0,0.0,0.0,0.0,0.0,0.0,0.0,0.0,0.0,0.0,0.04112437326318629,0.0,0.0,0.0,0.0,0.0,0.0,0.0,0.022048304208478236,0.0,0.09601500392837142,0.0,0.11560848671078895,0.0,0.0,0.0,0.0,0.0,0.05895147031134093,0.0,0.0,0.0,0.0,0.0,0.0,0.0,0.01352317425006362,0.2607380086408382,0.0,0.0,0.0,0.0,0.0,0.0,0.0,0.0,0.0,0.0,0.017682433769921076,0.0,0.0,0.0,0.0524762231885489,0.0,0.0,0.0,0.0,0.0,0.0,0.0,0.0
사업,0.026885013529726328,0.04606969622464749,0.0,0.048586975439349825,0.10558336928085678,0.1368807210286094,0.0,0.05068987863055773,0.0,0.01679630255496564,0.0,0.29175644103877335,0.0,0.03538373187127861,0.09956602847885147,0.0,0.08701649849086583,0.018142448817276068,0.0,0.0,0.0,0.08006769409813276,0.0,0.022204670363028235,0.0,0.0,0.04281647422871683,0.11964441408745845,0.0,0.0,0.0,0.030078537582942304,0.04162533374520477,0.09607144559572978,0.07485893086626347,0.059306536365614795,0.0,0.022607524587405396,0.02804424648959487,0.0,0.0,0.0,0.0,0.060532569797209265,0.05683964810244282,0.03643937587280917,0.0,0.0,0.0,0.06820291312210508,0.042252087551759715,0.0,0.03652471245352011,0.0,0.0,0.025388799758076272,0.0,0.04885412177935792,0.0,0.10441580046843435,0.0,0.022813656908651985,0.032217232370012124,0.0,0.0,0.0,0.05557743709548547,0.0,0.12400860525279502,0.09110994985929038,0.01849761109142977,0.0,0.013567451769323913,0.04532220270638141,0.02218963902553567,0.0649434519794809,0.07559690164875901,0.0987694395153059,0.08607489309205267,0.0,0.0,0.0,0.0,0.0,0.0,0.014086311230143578,0.0,0.028829131708748856,0.02851093258700682,0.038311572121875095,0.020299891839740437,0.009917253048431413,0.01709720851523271,0.0,0.1824732776069678,0.0,0.021118569155027016,0.05845220125433154,0.02101814918515687,0.021490837057885574,0.0,0.0,0.0,0.0,0.0,0.0,0.22183741273905025,0.0,0.0,0.0,0.0,0.025355375494614456,0.0,0.0,0.0,0.10558336928085678,0.0,0.0,0.017411985324401434,0.0,0.0515050861016105,0.0,0.08960634664832905,0.01617347614801982,0.03630816751706329,0.014086311230143578,0.02749798760593189,0.0,0.024696106107264713,0.02723015783671887,0.060993182593769915,0.0,0.07559690164875901,0.028829131708748856,0.032609167681585303,0.013362083367318785,0.04532220270638141,0.0,0.03441536374348189,0.026733860734317855,0.020997358210548635,0.11903867115266849,0.030199529588072187,0.0,0.01579955296414803,0.0,0.1438393212406705,0.022068719714118282,0.0,0.16496946853859662,0.10260614139933989,0.0,0.0,0.0,0.07278252285917952,0.0,0.0,0.0,0.0,0.0,0.02175416780550411,0.0,0.04551876002336919,0.09373877021001924,0.0,0.0
미래,0.053039698304974875,0.02272197841797047,0.0,0.0,0.10414928834771542,0.02250359089181005,0.1354532450442964,0.02000055433639905,0.0322330851806089,0.0,0.03791019508818228,0.0,0.04123991572846305,0.017451567034564238,0.0,0.16223278245574838,0.028611533723101473,0.017896029896317597,0.05559118612950219,0.0,0.03619256009049123,0.05265345238087628,0.0,0.13141845910334826,0.0,0.09084673375528478,0.12670476470448272,0.13487925680353413,0.025599283526229744,0.0,0.0,0.029669997321930822,0.0,0.0,0.02461405437016347,0.08775151236767623,0.08085224932379208,0.022300458993864042,0.22130669510042147,0.11442354787484212,0.09668243921395467,0.03131869494234182,0.0,0.019903463045926263,0.0747568351609999,0.0,0.035006807496710965,0.03265257611246265,0.0,0.0,0.08335640129110741,0.04182622706431244,0.036028617338590294,0.012653458316584454,0.10460224988686156,0.0125219788154919,0.0853356554979886,0.0722858446007454,0.028766516460121946,0.0,0.0,0.0,0.031779643391983595,0.017328502324619594,0.03386344303219708,0.0,0.021929023713147266,0.0,0.020387377409340175,0.012838921919335666,0.036492736392615056,0.0,0.013383172521311415,0.03352996208378497,0.0,0.010676893454869295,0.0,0.03897116337956045,0.021226446269905934,0.0,0.16244774981157445,0.046181806162523244,0.014548850584719593,0.03351313255788128,0.04670410304903065,0.11115987679168562,0.0,0.07109390360431359,0.0,0.0,0.040048339109555006,0.009782552445459917,0.0,0.0,0.011249677704146784,0.03920472040908437,0.020831727225595023,0.03843885139904531,0.0414653424100777,0.0,0.0,0.0,0.0,0.017485170820739717,0.0,0.0,0.0,0.0,0.0,0.0,0.0,0.0,0.0,0.0,0.0,0.10414928834771542,0.017328502324619594,0.0,0.0,0.0,0.0,0.01150038929627106,0.011048659105153956,0.0,0.0,0.11115987679168562,0.013562248769188292,0.04182622706431244,0.0,0.0,0.0,0.0,0.0,0.07109390360431359,0.0,0.013180593525550765,0.03352996208378497,0.0,0.0,0.0,0.020712162622823188,0.00978515285349961,0.07943825589089898,0.0,0.0,0.0,0.0,0.021768972411333583,0.11442354787484212,0.04649393680739405,0.0,0.0,0.0,0.038384179792643074,0.0,0.0,0.0,0.0,0.10695100627056664,0.0,0.0,0.00825580163851162,0.0,0.013209366851805649,0.0,0.026951364460775923
수소,0.0,0.0,0.0,0.0,0.04482395552993883,0.0,0.0,0.0,0.0,0.0,0.0,0.0,0.0,0.0,0.0,0.0,0.0,0.0,0.0,0.0,0.0,0.0,0.0,0.0,0.0,0.0,0.0,0.0,0.0,0.0,0.05607596229337893,0.0,0.0,0.0,0.0,0.0,0.0,0.0,0.0,0.0,0.024272709854152082,0.0,0.0,0.0,0.05630446389944995,0.0,0.0,0.0,0.0,0.0,0.0,0.0630043603831256,0.0,0.0,0.03151323134464948,0.0,0.0,0.0,0.0,0.0,0.0,0.0,0.0,0.05220510105687726,0.025504865228860207,0.0,0.0,0.0,0.0,0.0,0.0,0.0,0.0,0.0,0.0,0.0,0.224655315183587,0.0,0.0,0.0,0.0,0.0,0.0,0.0252410225526389,0.0,0.04186103689652941,0.0,0.021418264271563684,0.0,0.0,0.0,0.0,0.0,0.0,0.0,0.0,0.0,0.0,0.0,0.03193272916944772,0.0,0.0,0.0,0.0,0.0,0.0,0.0,0.0,0.0,0.0,0.0,0.0,0.0,0.0,0.0,0.04482395552993883,0.05220510105687726,0.0,0.36220883078516036,0.11785315764996704,0.019132548919590937,0.0,0.2163589387642809,0.6608741616128773,0.0,0.04186103689652941,0.020429306419287644,0.0630043603831256,0.5137350825538968,0.08092130177146381,0.0,0.0,0.224655315183587,0.021418264271563684,0.0,0.019854405305800286,0.0,0.0,0.0,0.0,0.12479792224106098,0.014739730070271727,0.23932144272355604,0.0,0.0,0.0,0.0822028705093063,0.0,0.0,0.0,0.06098402059634887,0.0,0.0,0.0,0.027036459590559843,0.0,0.026021854621514955,0.02859851358134004,0.040276043378522426,0.0,0.01616200306597616,0.012436012956286843,0.0,0.6566256710983116,0.0,0.0
교통,0.0,0.06958170007375772,0.030550908748068373,0.01630748689032861,0.03037497297780822,0.1148548836148055,0.027653305234005787,0.010207976813934769,0.016451273331281088,0.11838594821204965,0.03869756667370275,0.09276978070221686,0.0420964435769302,0.0,0.0751901368892049,0.055200752736288584,0.17523466676621136,0.01826771950121699,0.04255933582073355,0.0,0.0,0.18811461343829014,0.0,0.04471598006356537,0.036093616098967704,0.0,0.08622423015976513,0.01721007706803291,0.026130965001657416,0.04679173933559236,0.18999950129661192,0.06057245007066261,0.013970916654460585,0.09673480343778196,0.07537581971424376,0.08957405765566645,0.02751050037813897,0.0682908776988786,0.05647577497995405,0.019466675840226384,0.0,0.09590749529345727,0.14902103888644364,0.16253476648499954,0.0763094889442973,0.0,0.017866938748090786,0.044441000219632945,0.0,0.041204305944434805,0.0,0.0,0.0,0.012916262913444786,0.0,0.0,0.0,0.024595725806699578,0.0,0.0,0.013819684894555704,0.022971181531315877,0.03243968716507991,0.035376809457328094,0.017283383025217956,0.02727107918474022,0.04476895227021707,0.0,0.0,0.0,0.11175200468166133,0.025585059679568388,0.013661132836284414,0.03993075205759669,0.0,0.010898646007406653,0.0,0.07956114125629594,0.021667306587707647,0.015069156632897117,0.0,0.0,0.014851021320737835,0.034209179841639056,0.023837059364523648,0.0,0.0,0.014514096107510347,0.028707795979646896,0.03857610735032723,0.020440059319902736,0.0099857300817528,0.01721526198341415,0.0,0.11483326635520116,0.0,0.10632194735027213,0.009809300713271733,0.08465310446593294,0.021639227822760745,0.0,0.011460296163589257,0.0,0.0,0.0,0.0,0.0,0.0,0.0,0.0,0.0,0.0,0.0,0.0,0.04910403865029169,0.03037497297780822,0.035376809457328094,0.0,0.0,0.03993162179290612,0.06482590052109594,0.011739245354205997,0.0,0.0,0.0,0.0,0.0,0.0,0.11189982932160333,0.0,0.0,0.0,0.0,0.014514096107510347,0.0,0.013454346398575387,0.03993075205759669,0.0,0.0,0.0,0.0,0.0,0.02027203498049922,0.0,0.0,0.0,0.0,0.0,0.019466675840226384,0.0949191749260039,0.0,0.0,0.0,0.11754418725248665,0.0,0.0,0.0,0.0,0.0,0.0,0.0,0.008427269593523114,0.0,0.0,0.0,0.0
시장,0.0,0.025630195118342473,0.10127995957027261,0.018020430822150893,0.0,0.0,0.05093002959566617,0.022560452293691836,0.054537961918301354,0.05606624923046505,0.021381186074802362,0.0,0.04651826823092805,0.13779651665546583,0.0,0.0,0.0,0.18167910235809098,0.09405956566478196,0.0,0.0,0.0,0.02361680872217744,0.0,0.03988490172685417,0.0,0.0,0.0,0.0,0.0,0.08398284523875574,0.03346750034408794,0.0,0.0,0.027764440426624112,0.0,0.030400212631231466,0.0,0.0,0.021511462046557368,0.0181761591940364,0.0,0.10978283943476476,0.04490186831568815,0.0,0.02027250861513286,0.07897475211941485,0.0,0.02319647345387097,0.0,0.0705189747395937,0.0,0.01354665624101709,0.0,0.0,0.014124683793158658,0.0,0.0,0.11356933611365817,0.07745358471344728,0.0,0.17768857539511693,0.07169432572682069,0.019546400736715482,0.019098835416718286,0.030135642554798798,0.0,0.0509048178919247,0.045993570748171564,0.0,0.0,0.0,0.04528830853290049,0.0,0.0,0.07226066079429792,0.08411443957224247,0.0,0.0,0.0,0.0,0.0,0.0,0.03780252364847084,0.0,0.015673422440893953,0.059212246410704106,0.03207732333135352,0.0,0.0,0.13552254033455632,0.055173172714189894,0.0,0.0,0.0,0.0,0.0,0.0,0.0467725475779278,0.0,0.03331121750401533,0.025328179088072836,0.0,0.0,0.0,0.11275790075568021,0.0411386561303772,0.0,0.061493038788838626,0.0,0.03215342942638473,0.0,0.0,0.0,0.0,0.0,0.019546400736715482,0.0,0.0,0.3088823698478536,0.0,0.025944679303735757,0.024925583807190378,0.0,0.0,0.015673422440893953,0.015298099302958668,0.0,0.0,0.0,0.03393265636361322,0.18396760332860015,0.08411443957224247,0.03207732333135352,0.0,0.0,0.0,0.0,0.07658591743370406,0.0,0.0,0.011037567780614134,0.0,0.0,0.1757969591460221,0.0,0.0,0.0,0.021511462046557368,0.013111189640631571,0.0,0.0,0.06433191795948397,0.0,0.14172018598655153,0.0,0.0,0.02141545541023842,0.0,0.0,0.0,0.055874837030749434,0.0,0.0,0.12808007901961022,0.030400905991924066
개발,0.0,0.04250630203208162,0.027994562217294537,0.01494295832977091,0.0278333478682416,0.0,0.016892943736873466,0.10289207068294215,0.03014942688769515,0.04649143154377657,0.035459548743320767,0.04250363580293143,0.03857402470608054,0.0,0.0918648054030941,0.0,0.05352397012547942,0.0669566741024995,0.0779963689057588,0.03686200163770698,0.0,0.09849950161748554,0.0,0.04097437154225175,0.0,0.014162347693339468,0.0,0.031540048593542605,0.04788891430819362,0.0,0.034820259548837385,0.055504051815294844,0.0,0.022160130290624865,0.0,0.0,0.0,0.06257664020340421,0.025875082955530936,0.0,0.0150720919001508,0.0,0.09103447143900276,0.01861683424198243,0.0874053679400023,0.08405216680599166,0.01637192309206326,0.010180600157482839,0.019235052682134404,0.12585512222609424,0.01949198868387803,0.0,0.02246640179861005,0.10651945441439717,0.0,0.0,0.05986444732021646,0.0,0.040360423768086025,0.03211315257351544,0.0,0.0,0.029725297147169767,0.016208327902278226,0.015837196379809418,0.07496751693367346,0.010255727825206855,0.0,0.1716252003404485,0.04803587811156278,0.0,0.0,0.05007215154191046,0.010454156391669456,0.020473317076001654,0.0,0.0697496401648198,0.018225966184386898,0.019854295247080943,0.0,0.0,0.05759527229602917,0.0,0.0,0.06552748204254567,0.06498382328664547,0.0,0.03989888842850026,0.02630567186399769,0.03534825252581229,0.09364868931965684,0.036600697460616546,0.0,0.07545127426747447,0.05261229782238621,0.0,0.019485092209241058,0.008988507719699163,0.07756975805207528,0.0,0.0,0.021002712333426488,0.0,0.01635486880405391,0.0,0.0,0.0085282814596109,0.0,0.0,0.0,0.0,0.0,0.0,0.0,0.0,0.0278333478682416,0.016208327902278226,0.0,0.06426081939574092,0.03659034433107211,0.011880318980984213,0.010756964290732729,0.062006613024738186,0.029844983509511244,0.05583301176207962,0.06498382328664547,0.0,0.0,0.0,0.05024792469847386,0.0,0.0,0.0697496401648198,0.03989888842850026,0.0,0.02465710859561685,0.010454156391669456,0.0,0.0,0.0,0.058119770029819745,0.036610426695237626,0.027863659435431926,0.0,0.029154981486795562,0.011257264255520654,0.02041748492388497,0.08144700247689496,0.0,0.03261630574550773,0.0,0.0,0.05334551536698883,0.0,0.0,0.09050153763157981,0.04847465980821424,0.0,0.012504665338627392,0.0,0.010035764319872277,0.0,0.0,0.012355467616573185,0.0354023220005599,0.05041826978589205
기업,0.05268046647446662,0.0,0.11890635144544019,0.01586748027172778,0.014777699584277396,0.0,0.06278338997290424,0.019865092861785602,0.016007387084500294,0.03291190657812076,0.05648015048747425,0.0,0.04096060248026246,0.01733336956038147,0.0,0.053711332771148555,0.02841775106668628,0.035549644251674936,0.09662567838491416,0.03914265641746455,0.02396495467111167,0.026148418274991463,0.0,0.021754729476753196,0.052679613839702946,0.06015429278891889,0.08389773851766187,0.0334914337430964,0.0,0.06829381551375074,0.03697459159387809,0.02946904581221734,0.0,0.0,0.0,0.029052393792465662,0.10707286167419595,0.022149420527176746,0.02747597626021763,0.0,0.08002301672850123,0.031106576991583944,0.0,0.0,0.0,0.0,0.0,0.03243142393659159,0.06127538046157919,0.0,0.02069795947178536,0.10385735699067264,0.035784599620337004,0.025135515771603292,0.0,0.02487433776076471,0.08475768683089895,0.0,0.057143368246591476,0.0,0.0,0.022351375918174193,0.0,0.017211138353688867,0.01681704489635401,0.026535254258534736,0.0,0.0,0.04049859205229701,0.2295353765648309,0.0,0.0,0.0,0.03330286747274529,0.043480005448862706,0.010604580072581929,0.07406505558343193,0.019353608066199464,0.0,0.0,0.04033687742996883,0.0,0.0,0.08321537982825526,0.0,0.02760175090438332,0.0521379960911716,0.05648991415948105,0.0,0.037535251535562385,0.11933128882189155,0.0971629633288139,0.0,0.04005972510579261,0.022346969838863983,0.03893919130678556,0.0,0.019089254720124203,0.020592251186329708,0.0,0.0,0.022302151705761178,0.0,0.0,0.0,0.0,0.09961519553779791,0.0,0.10829259183205533,0.0,0.0,0.0,0.0,0.0,0.0,0.014777699584277396,0.017211138353688867,0.08870618179475338,0.0,0.0,0.0,0.0,0.01097382779649559,0.0,0.0,0.02760175090438332,0.040411179612795035,0.10385735699067264,0.0,0.013339191883106198,0.029878628359712278,0.0,0.07406505558343193,0.05648991415948105,0.0,0.0,0.03330286747274529,0.0,0.01685899668499746,0.0,0.0,0.04859439564326928,0.03945011481954532,0.0,0.06191760471454244,0.0,0.021680716232915506,0.02162153364268445,0.0,0.0,0.0,0.0,0.037764004243811315,0.0,0.03565385276048564,0.0,0.0,0.0,0.02655665982416887,0.0,0.0,0.008199886035110886,0.0,0.01311990131588302,0.11277799887818812,0.0
기반,0.02581275051042936,0.04423228477914775,0.0,0.0,0.0,0.0,0.008789443710764918,0.009733639814224418,0.015686827273495924,0.08063205303386518,0.0368993956936278,0.029486340191241748,0.0,0.01698625596582581,0.0,0.0,0.0,0.0174188681159034,0.05410895853474674,0.11507638698406561,0.023485038661112862,0.0,0.04075760657110323,0.0,0.017208221820246408,0.014737414603610954,0.0,0.0,0.02491672992213585,0.022308727051182104,0.07246829589106876,0.028878906290621686,0.0,0.11529974931930526,0.0,0.05694119607381518,0.0,0.0651175858090446,0.0,0.018562112205267683,0.015684099281132128,0.030483644692341282,0.09473095689128733,0.0,0.07276359393541984,0.0,0.0,0.07415790805184172,0.020016098491370288,0.0,0.0,0.04071101452333861,0.0584466440746158,0.14779295043892507,0.0,0.12188105339613406,0.020765087806003998,0.0,0.0,0.06683423595474768,0.0,0.0,0.030932302875137034,0.016866472529797425,0.03296054217307844,0.0,0.01067216511658904,0.02196273176257314,0.019843788839194867,0.11246938011562894,0.053279596041202526,0.0,0.052105348163074786,0.04351460376798399,0.021304643029073814,0.0,0.18145461963998,0.03793207539128937,0.0,0.0,0.0,0.0,0.0,0.0,0.04545883171831448,0.05409801069936926,0.025546947004872356,0.027679330843833776,0.0,0.0,0.03898053038869011,0.04760860142489966,0.0,0.0785149987366491,0.010949727588199495,0.03815940509057963,0.08110516383162265,0.04676744555398235,0.0,0.0,0.0,0.01092776727984333,0.0,0.0,0.01508666762934551,0.0,0.00887457520801326,0.0,0.0,0.0,0.0,0.0,0.0,0.0,0.0,0.0,0.016866472529797425,0.0,0.03343507583309048,0.03807610761805422,0.01236272334482054,0.02238750891609905,0.04301627498953895,0.03882106142829468,0.06972015606929624,0.05409801069936926,0.0792038314757758,0.04071101452333861,0.011855571968023556,0.0,0.0,0.0,0.18145461963998,0.027679330843833776,0.0,0.0,0.04351460376798399,0.0,0.0,0.0,0.02015991430570519,0.019048502716698928,0.028995072735497045,0.0,0.015169414677397757,0.0,0.021246543793567656,0.021188546378645916,0.018562112205267683,0.011313567284604671,0.0,0.0,0.16653488409475023,0.0,0.0524097868317889,0.0,0.0,0.018479268651819494,0.013012421497138127,0.028020958358832376,0.07310288943191873,0.008035677229276629,0.0,0.07714299330720294,0.03683984523965344,0.0
현대차,0.0,0.0,0.0,0.3283550863400144,0.2502029574625802,0.0,0.03374580659480876,0.0,0.0,0.0,0.0,0.0,0.0,0.0,0.0,0.0,0.0,0.033438621025573496,0.0,0.0,0.13525114875453542,0.0,0.0,0.0,0.0,0.08487327968979361,0.0,0.0,0.0,0.0,0.0,0.0,0.0,0.0,0.0,0.0,0.0,0.0,0.0,0.0,0.0,0.0,0.0,0.0,0.0,0.0,0.0,0.04067409082569761,0.0,0.0,0.0,0.5079883004741714,0.31415649234988396,0.14185745098634017,0.03908973121584718,0.0,0.0,0.0,0.026875028922863753,0.0,0.0,0.0,0.0,0.0,0.0,0.0,0.0,0.0,0.0,0.04797889218166011,0.0,0.0,0.0,0.0,0.08179611667005014,0.0,0.0,0.0,0.0,0.0,0.0,0.0,0.0,0.0,0.0,0.0,0.0,0.0,0.0,0.0,0.0,0.0,0.0,0.0,0.0,0.0,0.0,0.0,0.0,0.0,0.0,0.0,0.0,0.0,0.0,0.0,0.0,0.0,0.0,0.0,0.0,0.0,0.0,0.0,0.0,0.2502029574625802,0.0,0.0,0.0,0.0,0.0,0.0,0.0,0.29809577804336684,0.0,0.0,0.0,0.5079883004741714,0.0,0.0,0.0,0.0,0.0,0.0,0.0,0.1723950015967489,0.0,0.0,0.0,0.0,0.0,0.0,0.33396725057905063,0.0,0.0,0.0,0.0,0.0,0.0,0.0,0.0,0.0,0.0,0.0,0.0,0.0,0.0,0.0,0.07493898481335293,0.0,0.0,0.2005368850004515,0.0,0.2221345813758227,0.0,0.0
공항,0.0,0.10373531448433791,0.0,0.0,0.3849164026347755,0.0,0.0,0.015218479627831353,0.0,0.0,0.05769195412615619,0.04610169228205338,0.0,0.0,0.0,0.0,0.0,0.0,0.0,0.0,0.0,0.0,0.0,0.69997679877395,0.0,0.0,0.0,0.0,0.0,0.0,0.0,0.0,0.0,0.0,0.0,0.044513586334237853,0.0,0.0,0.042098226057153666,0.0,0.0,0.0,0.0,0.0,0.0,0.02735022820891759,0.0,0.0,0.0,0.04095273738855616,0.0,0.0,0.0,0.0,0.0,0.0,0.03246607351178026,0.36668338784823507,0.0,0.0,0.08241186157231356,0.0,0.0,0.0,0.02576679172215902,0.0,0.0,0.0,0.0,0.0,0.0,0.0,0.0,0.0,0.0,0.0,0.028370306330129574,0.0,0.032302528689610324,0.04493146044636185,0.0,0.0,0.0,0.0,0.07107457411760688,0.0,0.0,0.0,0.0,0.0,0.030472897031561766,0.0,0.0,0.0,0.11983877212248824,0.0,0.0,0.0,0.0,0.22582467383076202,0.06741169171127802,0.0,0.0,0.0,0.0,0.0,0.0,0.0,0.0,0.0,0.0,0.038061865193359086,0.0,0.0,0.0,0.3849164026347755,0.0,0.0,0.05227551359331122,0.0,0.0,0.07000543575891371,0.0,0.0,0.0,0.0,0.041278217219379944,0.0,0.12975274279781007,0.0,0.04577952896203612,0.0,0.028370306330129574,0.0,0.0,0.0,0.0,0.0,0.0,0.0,0.0,0.0,0.015111199652426218,0.014638509071729958,0.0,0.01831533665915159,0.0,0.0,0.0,0.12382079835240149,0.0,0.03591943135482159,0.0,0.0,0.0,0.20614178802034672,0.0,0.0,0.0,0.08762115551327905,0.01632798146851897,0.0,0.0,0.04020418173408454,0.0,0.0
계획,0.0,0.04195346920333612,0.027630467664717415,0.02949722333510073,0.05494270010760709,0.04155024224023339,0.0,0.027696509024214496,0.014878653187431947,0.07647794751386582,0.0,0.25170502590541716,0.0,0.032222272491707726,0.04533501034082349,0.0,0.0,0.016521460528352273,0.025660651906706987,0.07276515606150136,0.011137553159730092,0.0,0.03865780392353983,0.02022073142620691,0.0,0.0,0.0,0.015564920895050089,0.023633037873932568,0.0,0.0,0.02739108575871695,0.012635400277313915,0.06561575337614359,0.04544696562035243,0.027003813253279076,0.0,0.02058759150302241,0.0,0.0,0.0,0.02891314918935602,0.0,0.07349882202833198,0.01725371644566734,0.016591798500407696,0.016158991453169857,0.0,0.018984883458349488,0.07453095765060097,0.019238477775452012,0.0,0.05543551490649419,0.023363127278594575,0.0,0.0,0.03939057076176405,0.022244556199502132,0.01327850000775575,0.031695492035467385,0.0,0.04155061270061286,0.0,0.0,0.04689365803353437,0.1233208278368405,0.02024468565380597,0.04166245516020109,0.0,0.03555834611572946,0.01684488982682728,0.0,0.012355229502632438,0.0,0.0,0.128138607972065,0.03442124156542676,0.0,0.05878821664422933,0.0,0.03749259056311456,0.0,0.0,0.015469517539485193,0.021558412662113134,0.038483190001995175,0.024230786624737925,0.013126655789134958,0.02596354285504159,0.0,0.01848614071550938,0.009031168087591229,0.10898727119588772,0.037234981167543584,0.0830848438329843,0.01809672995956084,0.019231670995693204,0.02661481218839496,0.0,0.039141355144406136,0.04089476683344258,0.010364776550097186,0.034552387716415854,0.0,0.028618826675084988,0.0,0.008417363460672858,0.0,0.0,0.02228932939467376,0.0,0.0,0.0,0.0,0.022205027734562927,0.05494270010760709,0.0,0.0,0.0,0.0,0.03517741412449956,0.06370236155834438,0.0,0.029456822557637027,0.011021370608631132,0.038483190001995175,0.05008220460381423,0.0,0.011244781406428504,0.0,0.0,0.043018897632383785,0.03442124156542676,0.013126655789134958,0.0890868287087092,0.0,0.0,0.0,0.031340425947096115,0.02434524850206048,0.0,0.009033568761876769,0.02750126739170004,0.017760670295638877,0.0,0.011110853371844677,0.010075968550701975,0.0,0.0,0.03219210124625706,0.037375402453531555,0.021790237461130565,0.052651708784168236,0.18899170077577007,0.03313978147830797,0.017864896687627044,0.0,0.0,0.0,0.026577338688808478,0.0,0.015243369807807694,0.0,0.024389547213657485,0.03494188284495053,0.0
분야,0.0,0.024016961503625325,0.0,0.0,0.0,0.0,0.028634613693648326,0.010570218286286175,0.03407013032428125,0.03502485884854042,0.02003539655041017,0.0,0.0,0.0,0.025952780992791708,0.028579806587793834,0.0,0.03783193991132909,0.08813920288894314,0.08331124863425593,0.012751755245096516,0.0,0.0,0.11575694154983977,0.0,0.09602431915018333,0.0,0.01782079589802625,0.05411650303158463,0.04845219653095649,0.0,0.0,0.0,0.025041886527958458,0.0,0.0,0.0,0.023571418620185747,0.029239940504684037,0.06047241780330354,0.11922471894650885,0.06620725334191153,0.0,0.0,0.05926306236964665,0.0,0.03700193409867811,0.03451352910655822,0.0,0.0,0.02202677341804384,0.022105004827638795,0.0,0.0,0.04422551879088957,0.039706914287406005,0.0,0.0,0.0,0.03628922358553131,0.0,0.07135901878669744,0.06718169147987287,0.01831609755058661,0.05369010959723002,0.0,0.0,0.02385036567248885,0.021549305671937108,0.08142386753810096,0.05785882476744736,0.0,0.028291826823187528,0.02362727968404343,0.0,0.0,0.0,0.02059611433083117,0.0,0.0,0.0,0.048813824235305156,0.0,0.0354231308428652,0.07404883221586843,0.10280826468875744,0.055485267904625525,0.19537888549827145,0.0297265242225868,0.03994502365753248,0.0,0.010340084880284475,0.05347849441778355,0.04263156903448625,0.011890825322455272,0.02071954834885094,0.0,0.07110176302859031,0.0,0.0,0.0,0.023733955176948065,0.0,0.0,0.0,0.0,0.0,0.0,0.02881125052917637,0.0,0.0,0.0,0.0,0.0,0.0,0.0,0.01831609755058661,0.0,0.0,0.0,0.02685052803715882,0.0,0.11678350164495206,0.0,0.03785620192815417,0.10280826468875744,0.0,0.022105004827638795,0.0,0.028391142381886746,0.0,0.0,0.0,0.19537888549827145,0.0,0.0,0.02362727968404343,0.0,0.0,0.0,0.0,0.02068566698432598,0.01049570540553126,0.0,0.016473182434896167,0.0,0.0346089350972728,0.06902892381452837,0.06047241780330354,0.03685780799699319,0.0,0.0,0.0401884623443379,0.05409572185838933,0.018971419315659054,0.0,0.018259473424850826,0.080270035525748,0.028261603733664015,0.03042927949840045,0.03402251719962554,0.0,0.0,0.0,0.0,0.028487390966479363
자율,0.034184787570008576,0.0,0.23147792551479926,0.0,0.1150724482608997,0.029007724356786224,0.05820093949105634,0.012890621989229644,0.04154930004651838,0.02135680661526293,0.0,0.0,0.0,0.0,0.0,0.034853725180540814,0.03688102435094813,0.023068456265889367,0.035829255243399326,0.0,0.015551056005814,0.033935846959728865,0.0,0.0,0.0,0.019517307438896507,0.0,0.04346573310916603,0.0,0.029544278704194505,0.0,0.0,0.0,0.0,0.0,0.0,0.06948045975673682,0.0,0.0,0.0,0.04154207448259319,0.0403706268243776,0.0,0.025656090734916082,0.19272707885257567,0.0,0.0,0.08418006992421945,0.0,0.0,0.05372430390445158,0.05391511387666976,0.015480613823492983,0.03262128544481756,0.02696701381042299,0.04842348649523763,0.0,0.031059455728004615,0.0,0.0,0.08725741507504314,0.0580159659771066,0.0819296031556566,0.0,0.10912718618689479,0.1721894452821205,0.0,0.0,0.0,0.01654971021580076,0.04704010321690904,0.06461757092766542,0.017251263648718578,0.3025470609322773,0.08464359843126669,0.0,0.0,0.0,0.0,0.0,0.05234986242383759,0.0,0.0,0.08639863000044658,0.030101412572121507,0.07164401186037062,0.0,0.05498515421249687,0.0,0.0,0.0,0.0,0.0,0.0,0.0,0.02526796120181596,0.0,0.0,0.0,0.0,0.0,0.014472049498367114,0.0,0.0,0.0,0.0,0.0,0.0,0.0,0.0,0.0,0.0,0.0,0.0,0.0,0.1150724482608997,0.0,0.0,0.0,0.0,0.2292138141660692,0.0,0.0,0.0,0.0,0.07164401186037062,0.017482097672596543,0.05391511387666976,0.0,0.0,0.0,0.0,0.0,0.05498515421249687,0.0,0.0,0.3025470609322773,0.0,0.0,0.0,0.0,0.0,0.025599503667497817,0.0,0.0,0.0,0.0,0.0,0.0,0.059931915295419066,0.0,0.0,0.0,0.0,0.0,0.0,0.0,0.0,0.0,0.0,0.0,0.0,0.0,0.0,0.0,0.0
에너지,0.0,0.0,0.0,0.0,0.0,0.0,0.0,0.0,0.1312632713993021,0.0,0.0,0.0,0.0,0.07106827556734197,0.0,0.0,0.0,0.19434204874384173,0.0,0.0,0.0,0.0,0.0,0.0,0.0,0.0,0.0,0.0,0.0,0.0,0.0,0.0,0.0,0.0,0.0,0.0,0.1463359179863579,0.0,0.0,0.0,0.0,0.0,0.0,0.0,0.0,0.0,0.047519580657746724,0.029549237899993516,0.0,0.036529506021883956,0.11315117023637303,0.028388260922944258,0.0,0.0,0.0,0.016997813421668614,0.0,0.0,0.0,0.23302142566126913,0.0,0.0,0.0,0.0,0.0,0.0,0.0,0.030629733361183322,0.0,0.0697121764972947,0.0,0.0,0.19983513799623792,0.0,0.0,0.17391868701554633,0.025306080667974087,0.0,0.0,0.0,0.0,0.020896317219316406,0.0,0.045492009113588035,0.0,0.05658475210432983,0.0,0.09650558643248633,0.03817616564859889,0.0,0.0,0.11951290074449411,0.0,0.0,0.0,0.0,0.0,0.0,0.0,0.028776251108067304,0.02004355878947619,0.0,0.0,0.0,0.0,0.019384886637678816,0.0,0.0,0.0,0.0,0.0,0.0,0.0,0.0,0.0,0.0,0.0,0.0,0.04662932957291292,0.0,0.05172401918351779,0.0,0.029995745687843123,0.06496889949035044,0.0,0.05658475210432983,0.01840991568135484,0.028388260922944258,0.016534054695495515,0.0,0.0,0.2530157877456391,0.025306080667974087,0.09650558643248633,0.04366370630901314,0.0,0.0,0.0,0.023041102270479633,0.0,0.0,0.0,0.14826972829928364,0.0,0.12693369800355225,0.016337130151653046,0.044446381598531884,0.0,0.0,0.0,0.1373897201949083,0.0,0.07741779954486785,0.0173680517026041,0.0,0.0,0.0,0.0,0.12703196651698412,0.07815735240353378,0.11651540491086121,0.02241348240010003,0.0,0.03586180051472102,0.0,0.10975444168542065
실증,0.0,0.0,0.0,0.0,0.020562186631593145,0.24880141204805273,0.012479844807707615,0.01382047809770582,0.0,0.18317892080602033,0.0,0.14653342870737884,0.0,0.0,0.10179917715155962,0.0,0.19770705777002415,0.0,0.0,0.054464404417082314,0.0,0.21830271496250334,0.02893519894313689,0.0,0.0,0.0,0.0,0.0,0.0,0.0,0.10289537267209681,0.0,0.018915084854451144,0.09822621489299894,0.13606742837102023,0.08084894943876043,0.0,0.21573612404613188,0.0,0.0,0.0,0.0,0.13450539981739304,0.11002710043655574,0.1549719851188513,0.049675557502778724,0.0,0.015042056848550693,0.0,0.0,0.0,0.0,0.033194594405977544,0.0,0.0,0.0,0.0,0.0,0.0,0.0,0.0,0.0,0.0,0.0,0.0,0.11076612715038787,0.015153059601956452,0.0,0.0,0.017743512124702487,0.0,0.0,0.0,0.023169363148726033,0.0,0.0,0.0,0.0269292591030405,0.0,0.0,0.0,0.0,0.0,0.06947320159903625,0.032272757164906477,0.0,0.0,0.01965049010378031,0.0,0.0,0.0,0.0,0.0,0.0,0.015547161513764562,0.027090648120405195,0.3166860953131046,0.09296500148155006,0.0,0.0,0.0,0.0,0.0,0.0,0.0,0.0,0.0,0.0,0.0,0.0,0.0,0.0,0.0,0.0,0.0,0.020562186631593145,0.0,0.0,0.0,0.0,0.1404274252806449,0.0,0.0,0.022048304208478236,0.016498896410025655,0.0,0.01874315670632068,0.0,0.0,0.09280299394734043,0.0,0.0,0.0,0.01965049010378031,0.0,0.0,0.023169363148726033,0.0,0.0,0.0,0.0,0.01352317425006362,0.027446106172719805,0.0,0.0,0.0,0.0,0.0,0.0,0.0,0.08392598097748183,0.0,0.0,0.0,0.0,0.026743595718861098,0.09549647725674608,0.0,0.0,0.0,0.0,0.0,0.0,0.01825547054240395,0.0,0.0
글로벌,0.0,0.024359990103440192,0.06417375551029926,0.017127357574159327,0.06380419337388965,0.0,0.009681198377069385,0.0,0.0,0.017762555325661077,0.020321557396543236,0.0,0.04421287268794962,0.07483855365610009,0.0,0.0,0.030674119371038956,0.019186142295619046,0.04469903717370044,0.0,0.0,0.028224601645948373,0.04489276996064382,0.046964108263786004,0.0,0.09739581186549999,0.0,0.03615065225014563,0.0,0.049144227832728773,0.0,0.031808886877548966,0.0,0.0,0.0,0.0,0.1444680532902568,0.0,0.0,0.08178150812276072,0.12092757750325708,0.03357643796742296,0.0,0.0,0.0,0.0,0.056295636001824266,0.0,0.022046881077647965,0.028850588127670836,0.044682753261129436,0.044841450801884015,0.03862589540682636,0.013565637362040155,0.0,0.0,0.0,0.0,0.03084027470622037,0.0368075340118121,0.0,0.07237822283109199,0.06814123174303464,0.0,0.0,0.0,0.0,0.024191014823318,0.021857089325190298,0.01376447090744986,0.0,0.026871367037434663,0.028695912316679187,0.0,0.07039847422806772,0.011446583308537997,0.01998645451268766,0.0,0.0,0.0,0.021769811946735957,0.01650367352677827,0.0,0.14371628428264058,0.0,0.0595866576566126,0.05627775090697382,0.015243802774201372,0.0,0.0,0.06440309420391892,0.06292661925142523,0.0,0.0,0.0,0.0,0.0,0.16483952628487505,0.0,0.0,0.015830174623809787,0.048145883328219986,0.0,0.0,0.0,0.0,0.06842476970077187,0.0,0.0,0.0,0.0,0.0,0.0,0.0,0.0,0.06380419337388965,0.0,0.031916483033628915,0.0,0.04193921292488096,0.0,0.036988333184223066,0.0,0.008551949571857708,0.0,0.0595866576566126,0.014539941888886361,0.044841450801884015,0.0,0.0,0.06450198052604696,0.07493587113189991,0.01998645451268766,0.015243802774201372,0.03448509832282567,0.014130773383093606,0.0,0.0,0.018197600351204143,0.0,0.0,0.0,0.010645613091763144,0.0,0.050125395049535525,0.0,0.0,0.023338282553897187,0.08178150812276072,0.0,0.021701767485958545,0.0,0.08152492935734379,0.0,0.03848476725150338,0.0,0.018520269179606804,0.0,0.057330515115784554,0.0617277874492124,0.0,0.008850956660140673,0.0,0.0,0.12173256750326751,0.0
혁신,0.03059238974243492,0.0,0.0,0.0,0.05148987950567419,0.0,0.07291863811924659,0.01153597725623708,0.0,0.05733741217112136,0.0218659513612021,0.0,0.0,0.0,0.0,0.0,0.06601057085604438,0.0,0.08016011057129535,0.0,0.08350099562771847,0.06073921941480651,0.024152261199135504,0.02526663894355007,0.0,0.15719652117298408,0.04872075907841879,0.038898022841097654,0.0,0.026439540890135525,0.12883042147952758,0.0,0.015788454432481926,0.0,0.0,0.0,0.031089461942810086,0.0,0.15955739015976084,0.0,0.1301178091972421,0.03612817389689713,0.11227189263388024,0.0,0.0862369248032379,0.0,0.04038265423079622,0.02511126235505715,0.0,0.0,0.07211781733264058,0.0,0.0,0.02919319232811684,0.12066557309864222,0.0,0.0,0.02779549157276748,0.03318406820566989,0.0,0.0,0.051919206425393154,0.0,0.01998956682292174,0.0,0.0,0.0,0.0,0.0,0.04443162187355432,0.0210483854578431,0.0,0.03087673895941465,0.03223251328398561,0.0,0.0,0.0,0.0,0.1714027102422021,0.0,0.11712135046569243,0.0,0.0,0.03865960197607027,0.0,0.03205755672834708,0.0,0.11481608936822954,0.0,0.0,0.0,0.03385445241786935,0.03890974172859197,0.04652664660838581,0.051908971702391275,0.06783783419741322,0.048061534183630183,0.0775980494405061,0.0,0.0,0.0,0.0,0.0,0.0,0.0,0.0,0.01051784324388049,0.0,0.031443620351676124,0.0,0.0,0.0,0.0,0.021786687562257708,0.0,0.05148987950567419,0.01998956682292174,0.0,0.0,0.0,0.0,0.0,0.03823606426258297,0.009201879055465626,0.013771657709197646,0.03205755672834708,0.0,0.0,0.0,0.0,0.0,0.0,0.0,0.11481608936822954,0.0,0.0,0.03223251328398561,0.0,0.0,0.0,0.02389284146085228,0.011287817214280101,0.09163725143005635,0.0,0.035956543707968115,0.0,0.0,0.025111941039731214,0.0,0.026816906598779205,0.0,0.0,0.0,0.014759558414885016,0.0,0.0,0.0,0.04380199533739796,0.015421877252966426,0.0,0.0,0.0,0.025897841667209518,0.015237873211783926,0.0,0.0
생산,0.0,0.0,0.0,0.023133048805521327,0.0,0.0,0.01307590114721316,0.0,0.0,0.0,0.0,0.0,0.0,0.0,0.0,0.0,0.0,0.0,0.040248473979784476,0.0,0.08734569959048813,0.0,0.0,0.0,0.0,0.0,0.0,0.0,0.0,0.0,0.0,0.0,0.0,0.0,0.0,0.0,0.0,0.0,0.0,0.0,0.023332959232901542,0.0,0.0,0.0,0.0,0.0,0.0,0.0,0.0,0.0,0.030175358559521106,0.030282530898852966,0.2260701211798019,0.0916120743714553,0.030293154191678422,0.0,0.0,0.0,0.04165438695756888,0.1491421797587937,0.0,0.0,0.0,0.0,0.02451741005439675,0.0,0.0,0.1306942823234361,0.0,0.03718193841700593,0.0,0.0,0.0,0.0,0.0,0.15460316583357858,0.0,0.0,0.0,0.0,0.0,0.0,0.0,0.0,0.0,0.020120165264255134,0.03800574469117716,0.0,0.0,0.0,0.0,0.0,0.0,0.0,0.0,0.0,0.0,0.0,0.0,0.0,0.0,0.0,0.0,0.0,0.0,0.0,0.0,0.0,0.0,0.0,0.0825515060684508,0.0,0.0,0.0,0.0,0.0,0.0,0.08621593337100289,0.024870387753186896,0.0,0.0,0.0666110081940074,0.03199727866711593,0.13860818819590875,0.224729813844379,0.020120165264255134,0.17674522500030507,0.030282530898852966,0.05291197902809811,0.15557664938543356,0.04355976854868313,0.20242412253877215,0.0,0.0,0.0,0.03817143058005093,0.0,0.0,0.1720499981807077,0.0,0.0,0.0,0.04313546082344951,0.0,0.04513454396204907,0.01742726156980473,0.0,0.0,0.0,0.0,0.05862294218416775,0.034177767917050024,0.0,0.0,0.0,0.028020910462354977,0.17510068454969238,0.0,0.0,0.08337257592343847,0.0,0.17931803972800348,0.0,0.19127379537677375,0.0,0.0
시스템,0.09041152404653142,0.051642543573277175,0.034011671917032506,0.0,0.01690790319740097,0.02557309605281516,0.01026194400954908,0.045457287204810334,0.0366297000050014,0.0,0.0,0.0,0.0,0.0,0.02790252262064154,0.0,0.16257083228115463,0.0,0.031586930935033036,0.0,0.054838999994337986,0.17950625769754736,0.0951715012597747,0.0,0.0,0.0,0.0,0.0,0.08727312982806351,0.02604612026164516,0.0,0.0,0.0,0.02692319584186256,0.0,0.0,0.0,0.12671128412654858,0.03143663492497253,0.021671832987123985,0.018311664988088304,0.035590586313973945,0.0,0.0,0.021238429628496387,0.0,0.0,0.049475213048465964,0.0,0.0,0.0,0.0,0.013647648446856127,0.23007037871316696,0.023774013636826505,0.05691994109907745,0.0,0.0,0.0,0.07803101195683354,0.0,0.0,0.0,0.01969212187199,0.057723659670904745,0.0,0.0,0.0,0.069504688819747,0.05836063853742695,0.0,0.0,0.060834585560023004,0.006350578633859637,0.0,0.0,0.0847415244147436,0.022143428335212028,0.0,0.0,0.0,0.0,0.0,0.0,0.13268643647535783,0.03158053996892833,0.0,0.03231646423690308,0.0,0.2147297675913669,0.0,0.01111689927763907,0.0,0.0,0.025568282846455435,0.022276135519113047,0.1183659452056757,0.010920484243088365,0.0,0.0,0.0,0.0382755062773053,0.0,0.0,0.0,0.0,0.05180668816481839,0.0,0.0,0.0,0.0,0.0,0.0,0.02146250143704913,0.0,0.01690790319740097,0.01969212187199,0.0,0.07807294464699233,0.04445501869469657,0.08660314277777176,0.013069050247680339,0.0,0.04532477502307774,0.0,0.03158053996892833,0.0,0.0,0.0,0.0,0.0,0.0,0.0847415244147436,0.03231646423690308,0.0,0.014978435480921223,0.006350578633859637,0.0,0.019289219024219283,0.0,0.023537315744917617,0.022239708766221385,0.011284211028435279,0.03279369526704854,0.0,0.0,0.03720898329532324,0.02473827511007242,0.021671832987123985,0.02641787076483265,0.0,0.0,0.06481152135274881,0.0,0.0,0.0,0.0,0.0,0.0,0.0,0.0,0.009381898618299345,0.0,0.015011133508521027,0.0,0.0
통해,0.0,0.02097673460166806,0.027630467664717415,0.014748611667550366,0.0,0.0,0.0,0.01846433934947633,0.014878653187431947,0.061182358011092654,0.0,0.041950837650902864,0.0,0.016111136245853863,0.04533501034082349,0.0499239687475587,0.07924176386614794,0.0,0.012830325953353493,0.03638257803075068,0.05568776579865045,0.09721842668257077,0.03865780392353983,0.0,0.01632166657871193,0.0,0.0,0.0,0.023633037873932568,0.0,0.03436739064084564,0.0,0.012635400277313915,0.043743835584095725,0.0,0.027003813253279076,0.049761399728341975,0.02058759150302241,0.0,0.017605805502493233,0.0,0.02891314918935602,0.04492524298015427,0.0,0.01725371644566734,0.0,0.0,0.04019276904926454,0.037969766916698976,0.0,0.0,0.07722722452929388,0.022174205962597678,0.05840781819648644,0.03862715815060694,0.057800914486509106,0.09847642690441011,0.022244556199502132,0.0265570000155115,0.0,0.037495875467836726,0.062325919050919304,0.0,0.0,0.04689365803353437,0.0,0.0708563997883209,0.020831227580100545,0.018821451075824513,0.011852782038576485,0.01684488982682728,0.0,0.0,0.020636381301471,0.020207043105982175,0.019713631995702304,0.01721062078271338,0.0719556841656663,0.0,0.013628656630587174,0.01874629528155728,0.0,0.013431373442095074,0.0,0.021558412662113134,0.038483190001995175,0.0,0.026253311578269916,0.02596354285504159,0.03488851659253101,0.05545842214652814,0.009031168087591229,0.031139220341682206,0.07446996233508717,0.010385605479123037,0.05429018987868252,0.0,0.03548641625119328,0.11484133998854254,0.0,0.0,0.031094329650291557,0.0,0.016142158971571126,0.0,0.0,0.016834726921345716,0.0349165876791372,0.0,0.0,0.0,0.023089927916286588,0.0,0.0,0.0,0.0,0.0,0.0,0.03171252471534201,0.0,0.023451609416333036,0.03185118077917219,0.0,0.02209261691822777,0.022042741217262265,0.038483190001995175,0.0,0.07722722452929388,0.0,0.0,0.027771787283808625,0.0,0.01721062078271338,0.026253311578269916,0.0890868287087092,0.01216821032006941,0.020636381301471,0.0,0.0,0.0,0.03824257997023115,0.0,0.036668356522266715,0.008880335147819439,0.028775794634097747,0.0,0.02015193710140395,0.02009692767168669,0.017605805502493233,0.010730700415419018,0.018687701226765777,0.021790237461130565,0.07020227837889098,0.02362396259697126,0.016569890739153985,0.03572979337525409,0.0,0.03505445997895934,0.02468406175565104,0.0,0.0,0.0,0.020725878975872046,0.07316864164097246,0.0,0.0
솔루션,0.0,0.0,0.0,0.0,0.0,0.0,0.012829892701981482,0.014208129493256201,0.11448978876045068,0.0,0.0,0.0,0.11718516459208714,0.0743841755933967,0.0,0.0,0.0,0.17798344399237365,0.11847373196665323,0.0,0.06856191040962768,0.0,0.029746804024490543,0.0,0.0,0.06453631912018531,0.0,0.0,0.036370785445013536,0.06512780189579244,0.0,0.0,0.0,0.0,0.0,0.0,0.0,0.0,0.0,0.0,0.0,0.044496774020984044,0.0,0.0,0.0,0.0,0.024868373430709176,0.0,0.0,0.0,0.08882292888356366,0.0,0.0,0.053933097435914346,0.0,0.12453627581608952,0.15155330488775054,0.0,0.0,0.0,0.0,0.03197279223484303,0.04515167739536774,0.0,0.02405614242467969,0.0,0.0,0.0,0.0,0.03648240186058151,0.0,0.0,0.3612746982196593,0.0,0.0,0.15169448030388416,0.13243405253329754,0.05536919892184645,0.0,0.0,0.02885018367979004,0.28432685497924076,0.0,0.0,0.0,0.0,0.07458141828345477,0.0,0.039957387264830564,0.0,0.08534943259390287,0.027797583923304208,0.0,0.11460782302453067,0.0,0.0,0.0,0.0,0.0,0.0,0.0,0.0,0.0,0.0,0.0,0.0,0.025908317168019335,0.0,0.0,0.0,0.0,0.0,0.0,0.0,0.0,0.0,0.0,0.0,0.0,0.0,0.0,0.0,0.06279057136218746,0.03400010756712888,0.0,0.0,0.0,0.0,0.0,0.0,0.0,0.0,0.13243405253329754,0.0,0.045700965321306325,0.0,0.0,0.0,0.0,0.0,0.0,0.0,0.0,0.0,0.0,0.0,0.015506719545035968,0.03092878064809035,0.0,0.0,0.0,0.0,0.08102995534122846,0.0,0.05100147887342279,0.0,0.0,0.0269740659154072,0.05698243612281253,0.0,0.0,0.0351888743014896,0.0,0.05630255789845405,0.0,0.0
이번,0.0,0.021822626876384518,0.0574893469090454,0.0,0.042868709076890506,0.06483864983636928,0.017345588319365404,0.00960445931633527,0.015478638744213187,0.0,0.0,0.0,0.03960761148527555,0.0167608220022913,0.11790789103874083,0.07790574864399684,0.08243720858917694,0.0,0.0,0.0,0.011586677885573283,0.1011387850058503,0.060325034871020346,0.06310841302915751,0.0,0.0,0.0,0.0,0.0,0.0,0.035753264600605905,0.028495638410946825,0.0,0.022753908561576667,0.0,0.0,0.051768041105495835,0.0428355829622935,0.0,0.0,0.03095189391307873,0.0,0.04673686507950859,0.0,0.01794947704562162,0.0,0.016810606983279998,0.0,0.01975045381802468,0.0,0.020014274391874146,0.02008535810749515,0.011534193290584666,0.02430525145823734,0.02009240417116112,0.0,0.06146850864815557,0.0,0.0,0.032973620989532854,0.0,0.06483922793530512,0.0,0.0,0.048784656981512076,0.0,0.0,0.021671252246354668,0.0,0.0,0.017524164387121805,0.04814483208131525,0.025706914686960403,0.005367137185224591,0.08408758948436165,0.0,0.03580928707771675,0.018714328957775906,0.0,0.014178235751336511,0.0,0.0,0.027945994133988176,0.06437331941932023,0.0,0.04003503464070003,0.025207899393020688,0.0409679747864445,0.05402105893731778,0.0362954050917349,0.019231599144455096,0.018790704575891663,0.0,0.038736491460586685,0.0,0.0,0.04001438625390493,0.0,0.0,0.020359870231768717,0.042543858934650215,0.0,0.0,0.016793095727485993,0.05954577659772049,0.0,0.017513591659835338,0.0,0.0,0.023188152395564744,0.0,0.0,0.012810658064185626,0.03627769883410238,0.0,0.042868709076890506,0.0,0.0,0.04948701077497538,0.0,0.012198650830588414,0.011045195974097144,0.0,0.022983507437380018,0.04586324097162053,0.04003503464070003,0.013025445630237368,0.02008535810749515,0.03509469041756608,0.01289857808825438,0.08667507547194922,0.02237682293006274,0.03580928707771675,0.0409679747864445,0.03089309274342357,0.012658896563773583,0.005367137185224591,0.0,0.0,0.07598093092588559,0.07956944389374,0.0,0.028610263146916427,0.0,0.0,0.0,0.052411423006388465,0.0,0.0,0.0,0.0,0.04533786890017243,0.05477490262519662,0.0,0.03447615177953031,0.01858530328968558,0.049773533023687866,0.07293608037670007,0.025679452961395177,0.0,0.020609343057564528,0.007929031328548159,0.04312331086456059,0.012686531021975346,0.036350923352153244,0.0
비행,0.0412102625204524,0.0,0.0,0.0,0.0,0.1049077107835702,0.028064834282810147,0.0,0.0,0.025745943437883972,0.0,0.0,0.06408436728728113,0.0,0.1526181925553257,0.0,0.0,0.0,0.0,0.061240123888933996,0.0,0.040910160965612584,0.0,0.03403607343655361,0.0,0.0,0.0,0.0,0.03977975848902861,0.3561606105885073,0.0,0.046105404732409816,0.0,0.0,0.0,0.0,0.0,0.17326791042050899,0.0,0.0,0.0,0.0973347648360069,0.0,0.0,0.0,0.0,0.0,0.0,0.0,0.0,0.0,0.0,0.0,0.0,0.032509130450036554,0.0,0.16575814332531502,0.0,0.04470144940509017,0.0,0.0,0.03496954871224314,0.0,0.4039118732035828,0.0,0.0,0.0,0.0,0.0,0.0,0.0,0.0,0.0,0.0,0.06802606578310388,0.016591255087768625,0.05793875013738728,0.030279430783423038,0.0,0.11470058825840711,0.0,0.0,0.0,0.0,0.10886308231049767,0.021591976626575377,0.0,0.0,0.0,0.058725279902427104,0.031116364175436166,0.0,0.0,0.0,0.0,0.0,0.16185630294972944,0.0,0.03221733344700178,0.0,0.0,0.0,0.058159498829998914,0.0,0.0,0.0,0.0,0.0,0.0,0.0,0.0,0.0,0.0,0.0,0.0,0.0,0.4039118732035828,0.0,0.2135174633042193,0.0,0.0,0.0,0.0686758268652783,0.0,0.0,0.021591976626575377,0.0,0.0,0.0,0.0,0.0,0.0,0.05793875013738728,0.0,0.0,0.0,0.0,0.0,0.0,0.04097857037818898,0.0,0.0,0.0,0.0,0.0,0.0,0.0,0.0,0.0,0.0,0.0,0.0,0.0,0.0,0.0,0.0,0.0,0.0,0.0,0.0,0.0,0.0,0.0,0.0,0.0,0.0
국내,0.0,0.0,0.0,0.018428999330838147,0.017163293168558066,0.051918743519850624,0.06250168981649708,0.02307195451247416,0.01859149158006806,0.019112470723707118,0.0218659513612021,0.0,0.0,0.08052612023059602,0.0,0.0,0.0,0.04128849438640671,0.0,0.0,0.0,0.0,0.0,0.05053327788710014,0.020394596402523953,0.05239884039099469,0.0,0.0,0.0,0.05287908178027105,0.0,0.10267887835753833,0.0,0.0,0.0,0.0,0.0,0.05145009151844948,0.03191147803195217,0.0,0.0743530338269955,0.0,0.0,0.0,0.0,0.0,0.0,0.0,0.0,0.0,0.02403927244421353,0.0,0.013853793023301333,0.0,0.048266229239456886,0.01444492591444891,0.04922014482265188,0.0,0.016592034102834944,0.03960482618152977,0.0,0.0,0.0,0.0,0.0781274162839306,0.0,0.0,0.0,0.023518180361676293,0.0,0.0,0.0,0.0617534779188293,0.02578601062718849,0.07574860446648708,0.024632997264177683,0.0645161441708664,0.0,0.0,0.0,0.0,0.0,0.0,0.019329800988035134,0.0,0.06411511345669416,0.0,0.0,0.0,0.0,0.0,0.011284817472623119,0.0,0.0,0.0,0.0,0.07209230127544528,0.033256306903074045,0.04783299891785512,0.0,0.0,0.11656094686773882,0.0,0.0,0.017880202880550655,0.0,0.01051784324388049,0.0,0.1257744814067045,0.0,0.0,0.0,0.0,0.0,0.0,0.017163293168558066,0.0,0.06868413202943534,0.0,0.0,0.043955631619711215,0.09286518662410119,0.0,0.027605637166396878,0.041314973127592934,0.06411511345669416,0.18773934847602283,0.0,0.014050818726920315,0.015492564293632362,0.03470199506273228,0.10750777816258997,0.0645161441708664,0.0,0.0,0.0,0.02578601062718849,0.0,0.03916115644145556,0.0,0.02389284146085228,0.022575634428560202,0.04581862571502818,0.0,0.08989135926992028,0.027766940234148253,0.01259033879690417,0.025111941039731214,0.0,0.0,0.0,0.05445560309564752,0.0,0.0,0.08281905096621181,0.04464585230434159,0.019927769175139026,0.0,0.0,0.1660474110892572,0.0,0.0,0.0,0.07618936605891963,0.08732265111903545,0.0
주행,0.0,0.0,0.16851197915570137,0.0,0.12565616759963905,0.031675692388123025,0.06355393595661946,0.014076229207096981,0.045370771971895325,0.0,0.0,0.0,0.0,0.0,0.0,0.0,0.0,0.02519016368053134,0.03912462948235209,0.0,0.050944065135057524,0.0,0.0,0.0,0.0,0.02131240007230282,0.0,0.04746346781484428,0.0,0.0,0.0,0.0,0.0,0.0,0.0,0.0,0.07587088332645714,0.0,0.0,0.0,0.022681440920533192,0.0,0.0,0.028015794276218486,0.18414640668879612,0.0,0.0,0.0,0.0,0.0,0.058665564499730476,0.058873924104580186,0.016904433985273012,0.0,0.02944728871451056,0.0,0.0,0.033916130520339746,0.04049128562856704,0.0,0.09528286343679436,0.0,0.044732514607483204,0.024391321003853158,0.0953312748927534,0.1504211729028513,0.0,0.0,0.0,0.0,0.05136658846717777,0.03528036660851699,0.05651381479520093,0.22024909680719898,0.12323819010207304,0.0,0.0,0.0,0.0,0.0,0.057164709589158355,0.0,0.0,0.09434509212058051,0.0,0.09779178354476933,0.0,0.060042380757837584,0.0,0.0,0.0,0.0,0.0,0.0,0.0,0.027591966762346334,0.0,0.0,0.0,0.0,0.0,0.0,0.0,0.0,0.0,0.0,0.0,0.0,0.0,0.0,0.0,0.0,0.0,0.0,0.0,0.12565616759963905,0.024391321003853158,0.0,0.0,0.0,0.17878258364493282,0.0,0.0,0.0,0.0,0.09779178354476933,0.0,0.058873924104580186,0.03428969051418113,0.0,0.0,0.0,0.0,0.060042380757837584,0.0,0.0,0.22024909680719898,0.0,0.0,0.0,0.08746232035867184,0.0,0.027954002647249572,0.0,0.0,0.0,0.0,0.0,0.0,0.016361029305325542,0.0,0.0,0.0,0.0,0.0,0.0,0.0,0.0,0.0,0.0,0.0,0.0,0.0,0.0,0.0,0.0
탄소,0.0,0.0,0.0,0.0,0.0,0.0,0.0,0.0,0.0,0.0,0.0,0.0,0.0,0.0,0.0,0.038416008250124964,0.0,0.0,0.0,0.0,0.0,0.0,0.0,0.0,0.0,0.0,0.0,0.0,0.0,0.0,0.0,0.0,0.0,0.0,0.0,0.0,0.03829091297144182,0.0,0.0,0.027094992101041607,0.0,0.0,0.0,0.0,0.0,0.0,0.0,0.0,0.0,0.0,0.0,0.0,0.0,0.0,0.0,0.0,0.0,0.0,0.0,0.0,0.0,0.0,0.0,0.0,0.0,0.0,0.0,0.0,0.0,0.018241200930290757,0.0,0.0,0.0,0.007939747321959465,0.0,0.0,0.0,0.0,0.0,0.0,0.0,0.0,0.0,0.047614572986157185,0.03317797761131862,0.019741626873765794,0.0,0.1414116749208296,0.039957387264830564,0.0,0.0,0.013898791961652104,0.0,0.0,0.0,0.0,0.0,0.0,0.0,0.0,0.0,0.0,0.0,0.0,0.0,0.0,0.0,0.0,0.0,0.0,0.0,0.0,0.0,0.0,0.03417310562622033,0.0,0.0,0.2114846926987708,0.0,0.0,0.018045785289468062,0.06535779662742909,0.0,0.03400010756712888,0.06784669966761209,0.019741626873765794,0.25049549981342906,0.0,0.01730549978766795,0.0954060305326603,0.170960961026189,0.06620524641033271,0.0,0.1414116749208296,0.0,0.0,0.007939747321959465,0.0,0.0,0.03746686374376964,0.0,0.0,0.0,0.01366666300219525,0.06642808204955405,0.017099387148365935,0.0,0.03092878064809035,0.027094992101041607,0.049543017435910226,0.05752001713913502,0.10060425439873402,0.027009985113742824,0.01817840938517674,0.0,0.05498745678732289,0.04908753175618705,0.0,0.1329590176198959,0.16360802843993588,0.015243971851428884,0.0117296247671632,0.2551737957386256,0.09383759649742343,0.1075497556241187,0.3446260767118635
도심,0.0,0.023354749171627692,0.03076277857626757,0.016420578925472506,0.03058562269560983,0.06939083970656629,0.027845080250499823,0.030836306673719158,0.016565362521985667,0.06811825826142501,0.019482966690781933,0.06227542462200652,0.04238838141557159,0.017937565261559606,0.10094877160898875,0.055583568648415696,0.05881663834255916,0.018394405703065525,0.028569655870744327,0.0,0.0,0.08117965021058976,0.0,0.022513042162833046,0.018171962235649583,0.0,0.04341109657632843,0.017329428544670393,0.026312182624715207,0.0,0.15305371466852982,0.09148877786476474,0.014067804630388732,0.024351414251821597,0.12649758206295322,0.060130167748573986,0.027701285046341638,0.13752894663484588,0.05686743314112661,0.019601676775874134,0.0,0.09657261150058563,0.15005449625975115,0.14320419858409575,0.019209673360452657,0.018472717495905993,0.01799084554491374,0.022374598751516116,0.021137093052942472,0.04149005682973593,0.0,0.0,0.01234398556711727,0.013005836890671248,0.0,0.0,0.02192802925091821,0.024766296582321084,0.01478380896481055,0.03528863192561918,0.0,0.023130486130884625,0.03266465562684247,0.01781107339629302,0.017403242876931378,0.054920406945280525,0.033809567919986724,0.023192746836376253,0.0,0.0,0.018754500364321264,0.025762491462153876,0.013755872468774494,0.005743952982410309,0.0,0.03292268357760437,0.0,0.0,0.021817568845440557,0.0,0.0,0.01582263186444833,0.014954012801670665,0.01722320984659083,0.024002368806346878,0.028563875388219175,0.0,0.014614751020073603,0.02890688386447356,0.03884363174065897,0.020581810646915652,0.010054980883236678,0.017334649417316942,0.0,0.0,0.0,0.06423557252137317,0.029631983943798186,0.042620085869684556,0.021789295354924135,0.0,0.011539773045907696,0.0,0.0,0.0,0.0,0.0,0.0,0.0,0.0,0.0,0.0,0.0,0.0,0.0,0.03058562269560983,0.01781107339629302,0.0,0.0,0.04020854664377536,0.026110186642008943,0.0,0.0,0.0,0.0,0.028563875388219175,0.0,0.0,0.0,0.0,0.0,0.0,0.0,0.014614751020073603,0.0,0.0135476519720202,0.005743952982410309,0.0,0.0,0.0,0.0,0.0,0.0,0.0,0.0,0.0,0.0,0.0,0.019601676775874134,0.0,0.0,0.0,0.0,0.0,0.0,0.0,0.0,0.0,0.0,0.0,0.0,0.0,0.0,0.0,0.0,0.0
협력,0.0,0.026410390258148165,0.06957531264015733,0.0,0.10376196623779434,0.0,0.010496072708537127,0.011623601512310067,0.0,0.019257644036005054,0.0,0.0,0.0,0.0,0.028539125326091538,0.0,0.03325598491518904,0.020801055477608844,0.0,0.09161369513758777,0.02804508242631363,0.03060028929342614,0.09734286174955672,0.0,0.0,0.0,0.0,0.0,0.0,0.026640368704715072,0.0,0.0,0.0,0.0826123649201603,0.028609602992896364,0.03399867806024214,0.06265121867503219,0.0,0.032153869245165376,0.11083140511605749,0.01872944999022597,0.0,0.0,0.023134351105439294,0.0,0.0,0.0,0.05060400182887783,0.0,0.015639482782903048,0.0,0.024307896070369508,0.013959022799720975,0.05882987231286265,0.024316423425589213,0.0,0.0,0.0,0.03343612567990121,0.03990565404846928,0.0,0.0,0.0,0.0,0.0,0.0,0.0,0.07868157657431671,0.0,0.04476911281396697,0.08483305388182613,0.0,0.031111270566159602,0.0,0.0,0.012410051523715535,0.021668730624084413,0.0,0.0,0.0,0.0,0.0,0.0,0.01947662508399109,0.0,0.0,0.0,0.049580658108893595,0.06537788767478382,0.0,0.02327465165263718,0.09096427187909456,0.0,0.04688005080692706,0.0,0.0,0.048426596985421864,0.01116963769449821,0.0,0.0,0.0,0.01304959035925457,0.0,0.0,0.0,0.0,0.0,0.0,0.0,0.0,0.0,0.0,0.0,0.0,0.05591370242308132,0.10376196623779434,0.0,0.03460291933643535,0.0,0.0,0.0,0.013367223744695282,0.012842165124388037,0.009271774114098205,0.013876263607324553,0.0,0.0,0.024307896070369508,0.042472635176648905,0.0,0.06993116462209878,0.02708109475857687,0.021668730624084413,0.049580658108893595,0.0,0.030640344114446126,0.0,0.0,0.0,0.0,0.0,0.04549422604717706,0.023083325986327917,0.0,0.0,0.0,0.0,0.151816108525342,0.11083140511605749,0.01351030039212838,0.0,0.05486923356702195,0.04419347444216206,0.0,0.0625860920585513,0.02249248524144506,0.0,0.0,0.21754624899997244,0.0,0.0,0.019191897743772807,0.0,0.0,0.0,0.0
지원,0.0320380237631651,0.02744990291291995,0.03615689807005306,0.0,0.01797433933792014,0.02718607393288029,0.02181839601763574,0.012081106333252382,0.0,0.04003124936458067,0.09159688082068053,0.40257332285821007,0.0,0.021082839353382805,0.08898727490547095,0.0,0.06912988019280242,0.0,0.01678961041594455,0.0,0.0,0.06360943265142863,0.025293568915237215,0.0,0.0,0.01829164385590501,0.051023043647638426,0.020368068506831795,0.0,0.0,0.04497275454810727,0.0,0.0,0.028621328882300786,0.0,0.035336865635044436,0.0,0.0,0.0,0.0,0.0,0.0,0.0,0.0,0.13546803646444303,0.0,0.0,0.0,0.0,0.11378536850911017,0.0,0.0,0.014508449775495444,0.0,0.0,0.03025503294123758,0.051546027712480305,0.0,0.0,0.0,0.0,0.027186316322881467,0.0,0.0,0.020454825861374808,0.0,0.0,0.0,0.0,0.07755204095995323,0.0,0.0,0.01616790490771312,0.0,0.0,0.0,0.0,0.0,0.0,0.0,0.0,0.0,0.0,0.0,0.0,0.0,0.0,0.03435476815866473,0.0,0.0,0.0,0.011818078070879864,0.040748409673602284,0.0,0.1766762214231815,0.023681163434835714,0.0,0.023218549009655212,0.0,0.025609953574676738,0.0,0.0,0.0,0.0,0.0,0.017251936153078302,0.02202972141906743,0.045691427195086745,0.06585895802900169,0.0,0.0,0.030215202299312405,0.0,0.0,0.0,0.01797433933792014,0.0,0.0,0.0,0.0,0.030688494365508676,0.13893357516516,0.0,0.009636711035877198,0.028844866364489026,0.0,0.08192121415374952,0.0,0.0,0.01622466068099494,0.0363418272259683,0.0,0.0,0.03435476815866473,0.0,0.01592317385201294,0.0,0.0,0.0,0.03185789973809027,0.0,0.07092731738646833,0.011995942714941397,0.0,0.01882782959186827,0.0,0.0,0.052597196266372784,0.0,0.18254685356876113,0.0,0.028514442982462175,0.0688993936267766,0.0,0.0,0.023377789200122314,0.0,0.0,0.0,0.03477878614308114,0.025923756531868722,0.00997364530837853,0.0,0.0,0.0,0.0
상용,0.0,0.0,0.0,0.0,0.04003810669984955,0.03027869087177839,0.012150199951031346,0.026910843026231517,0.0,0.31209569995271347,0.0,0.0,0.0,0.0,0.0,0.0,0.0,0.0,0.018699552752526317,0.0,0.0,0.03542273798962186,0.0,0.0,0.0,0.0,0.0,0.0,0.0,0.0,0.2003549517266005,0.07984225107862124,0.01841545841422377,0.0637544333695463,0.16559164867473727,0.0,0.0,0.0,0.03722115417610579,0.0,0.0,0.0,0.19642882513235366,0.13390103111605947,0.12573210611557337,0.0,0.0,0.014644733263974195,0.0,0.0,0.0,0.0,0.0,0.017025289637940862,0.0,0.0,0.0,0.0,0.01935274382522998,0.0,0.0,0.0,0.0,0.02331558406303073,0.0,0.21568066164530875,0.05901121588305566,0.0,0.02743131535013598,0.0,0.024550577052558854,0.0,0.018007123645495383,0.0977485749041739,0.0,0.014365812013964254,0.0,0.078653834485104,0.0,0.0,0.0,0.0,0.0,0.02254604133499247,0.0,0.0,0.0,0.0,0.0,0.0,0.08082785225186123,0.026324943681840622,0.0,0.0,0.015136496004065077,0.026375070887313095,0.08408757055993571,0.0,0.16737545897852024,0.0285232751681139,0.0,0.015106138890885443,0.0,0.0,0.0,0.0,0.0,0.0,0.0,0.0,0.0,0.0,0.0,0.0,0.0,0.04003810669984955,0.02331558406303073,0.0,0.0,0.0,0.03417953752747347,0.0,0.014866024502532538,0.010732958175438427,0.032126183208521446,0.0,0.0729922864280047,0.0,0.0,0.018070335807671936,0.0,0.0,0.0,0.0,0.0,0.0,0.0977485749041739,0.0,0.0,0.03548197140842348,0.0,0.0,0.0,0.0,0.0,0.0,0.014685215802908028,0.0,0.0,0.01563945446274786,0.05447276338634568,0.0,0.051158139421644724,0.0,0.0,0.052074371180164614,0.0,0.0,0.0,0.0,0.0,0.0,0.0,0.0,0.0,0.0
서비스,0.0,0.0,0.0,0.0,0.07545095960030242,0.028529774132965948,0.022896793110457125,0.06339113838485724,0.0,0.0,0.0480620763327217,0.038406448300962126,0.0,0.0,0.0,0.0,0.0,0.02268836530460406,0.052858363527959557,0.0,0.0,0.0,0.0,0.0,0.0,0.057587182579364266,0.0,0.06412434492667356,0.0,0.02905748786029382,0.0,0.0,0.06940707857386613,0.030035968062669942,0.0,0.07416685451704524,0.0,0.0,0.035071236273374266,0.0,0.0,0.0,0.0,0.05046672843406255,0.14216368616185404,0.0,0.0,0.027597688026079262,0.0,0.0,0.0,0.0,0.0,0.0,0.026522687667223106,0.0,0.02704687208089375,0.030547699837251228,0.0,0.0,0.034327881951691896,0.0,0.0,0.02196886087028432,0.021465827069953317,0.0,0.0,0.0,0.0,0.016277026374610294,0.0,0.0,0.01696702055468357,0.20545954374240075,0.027749651728891576,0.013536033434558344,0.04726953174231933,0.024703579403463464,0.0,0.018715775140771683,0.025743655939258866,0.0,0.018444852782467797,0.0,0.2072380941855776,0.03523177914984782,0.0,0.05407918287743393,0.0,0.0,0.0,0.0,0.06414366380020377,0.10226709114361035,0.0,0.0,0.02641020606013957,0.0,0.13142312031367295,0.0,0.0,0.12810238697667162,0.09489926066900103,0.0,0.0,0.0,0.08091497221976718,0.0,0.0,0.0,0.0,0.0,0.0,0.023943925954951508,0.030493416727659803,0.07545095960030242,0.02196886087028432,0.0,0.0,0.0,0.06441061073330202,0.01458005127453692,0.0,0.0,0.0,0.03523177914984782,0.0,0.0,0.0,0.0,0.0,0.0,0.04726953174231933,0.05407918287743393,0.0,0.0,0.20545954374240075,0.0,0.0,0.0,0.0,0.0,0.0,0.012195065170859724,0.0,0.0,0.0,0.0,0.0,0.014736109472978555,0.0,0.0,0.048203212250588996,0.0,0.022754872881979714,0.0,0.0,0.0,0.0,0.0,0.0,0.03139980954582155,0.0,0.0,0.0,0.0
예정,0.03082476150714401,0.026410390258148165,0.0,0.018568981173786143,0.017293661039632393,0.0,0.0,0.0,0.0,0.05777293210801516,0.0,0.05281746730630121,0.0,0.04056888775447071,0.028539125326091538,0.031427949175506335,0.0,0.04160211095521769,0.0,0.0,0.0,0.0,0.04867143087477836,0.0,0.020549508405034514,0.052796848232581385,0.0,0.019596741007668048,0.0,0.0,0.0,0.0,0.0,0.02753745497338677,0.05721920598579273,0.0,0.09397682801254827,0.0,0.0,0.08866512409284599,0.0,0.0,0.0,0.04626870221087859,0.0,0.0,0.0,0.0,0.0,0.0,0.024221868449534292,0.0,0.02791804559944195,0.0,0.0,0.0,0.02479700406341279,0.056013237665832306,0.03343612567990121,0.0,0.015736175068572483,0.0,0.0,0.0,0.059040638727407266,0.0,0.0,0.026227192191438906,0.0,0.0,0.0,0.02913315182867683,0.0,0.0,0.20353058930336052,0.02482010304743107,0.0,0.0,0.024672091464467725,0.0,0.023602194701983763,0.0,0.01691053545962535,0.01947662508399109,0.027142741831101543,0.06460211503401093,0.03050734745770952,0.0,0.0,0.0,0.04654930330527436,0.03411160195466046,0.019602644958212328,0.04688005080692706,0.0,0.0,0.0,0.0,0.0,0.0,0.017162613280799634,0.01304959035925457,0.0,0.0,0.0,0.0,0.0,0.0,0.0,0.08418896922006201,0.0,0.05814193856970918,0.031007676651885197,0.0,0.02795685121154066,0.017293661039632393,0.0,0.0,0.0,0.0,0.0,0.05346889497878113,0.0,0.01854354822819641,0.041628790821973655,0.06460211503401093,0.07881890304258671,0.0,0.014157545058882968,0.0,0.10489674693314817,0.0,0.0,0.0,0.03738773706101858,0.015320172057223063,0.0,0.0,0.0,0.06130291735872808,0.024074325214848508,0.0,0.03462498897949187,0.0,0.0,0.0,0.012685971706564174,0.02530268475422367,0.08866512409284599,0.0,0.023528422883669967,0.1097384671340439,0.04419347444216206,0.014871668147536479,0.0,0.0,0.0,0.26480822279917676,0.0,0.03346173273025038,0.0,0.009595948871886403,0.0,0.0,0.0,0.0
연료,0.04210855211405316,0.0,0.0,0.0,0.023624222590055064,0.0,0.0,0.0,0.0,0.0,0.0,0.0,0.0,0.0,0.0,0.0,0.0,0.0,0.0,0.0,0.0,0.0,0.0,0.0,0.0,0.0,0.0,0.0,0.0,0.0,0.0,0.0,0.0,0.0,0.0,0.0,0.0,0.0,0.0,0.0,0.0,0.0,0.0,0.0,0.0,0.0,0.0,0.0,0.0,0.0,0.0,0.0,0.0,0.0,0.0,0.0,0.0,0.0,0.0,0.0,0.0,0.0,0.0,0.08254324589093243,0.0,0.0,0.0,0.0,0.032371335868988126,0.0,0.0,0.0,0.0,0.0,0.034754439318606806,0.0,0.08880252382664854,0.0,0.0,0.0,0.0,0.0,0.0,0.0,0.03707868294936652,0.022062632398285095,0.0,0.0,0.0,0.0,0.0,0.0,0.0,0.0,0.0,0.0,0.0,0.0,0.0,0.0,0.11722601577637505,0.0,0.0,0.0,0.0,0.0,0.0,0.0,0.0,0.0,0.0,0.0,0.0,0.0,0.22914484368285956,0.023624222590055064,0.08254324589093243,0.18907900803566252,0.19090019926592355,0.1242277347613401,0.0,0.0,0.4034936174043566,0.12665823331114778,0.03791168792153961,0.022062632398285095,0.04306862047347304,0.0,0.019340092015987326,0.12794739929071272,0.047765172314530445,0.0,0.08880252382664854,0.0,0.0,0.0,0.0,0.0,0.05390293503531872,0.08374361922460391,0.03288703394137103,0.0,0.0,0.015273440423968488,0.0,0.03821949379376499,0.20795796934855387,0.0,0.0,0.0,0.032141297214217865,0.0,0.0,0.0,0.0,0.0,0.13714677308523587,0.030145382869614493,0.0,0.0,0.0,0.0,0.0,0.020973999862315695,0.0,0.2139685879086112
위해,0.0,0.0,0.03208687775514963,0.0,0.0,0.0241258591717879,0.01936239675413877,0.010721190222429509,0.0,0.14210044260528862,0.0,0.03247794948109661,0.0,0.0,0.0789703753381616,0.028988005228380017,0.0,0.019186142295619046,0.0,0.0,0.07760331335630939,0.0,0.0,0.0,0.0,0.016232635310916666,0.0,0.03615065225014563,0.0,0.0,0.07982074539146716,0.0,0.0,0.025399553890297844,0.0,0.06271830540800344,0.0,0.0,0.029657567682396656,0.02044537703069018,0.0,0.03357643796742296,0.10434211951217416,0.021338289910507624,0.12021900543965434,0.0,0.0,0.02333765180477814,0.022046881077647965,0.0,0.044682753261129436,0.0,0.02575059693788424,0.04069691208612047,0.02242859072541204,0.01342467959478487,0.0,0.0,0.0,0.0,0.0,0.0,0.0,0.0,0.0,0.0,0.011754935921598472,0.024191014823318,0.0,0.0,0.019561736240988753,0.0,0.0,0.005991185637571507,0.023466158076022575,0.011446583308537997,0.0,0.0,0.0,0.0,0.021769811946735957,0.01650367352677827,0.0,0.0,0.0,0.01489666441415315,0.05627775090697382,0.0,0.0,0.0,0.021467698067972975,0.01048776987523754,0.036161543431640804,0.0,0.19297054684158782,0.042030961547702146,0.04466694402382825,0.06181482235682814,0.044454550222897064,0.0,0.0,0.0,0.0,0.0,0.016617322662834833,0.045929888563252315,0.0293249013003308,0.0810962951537793,0.08766826448706223,0.0,0.0,0.0,0.0,0.0,0.02578638983293208,0.0,0.0,0.031916483033628915,0.0,0.0,0.10893611119934551,0.036988333184223066,0.02369029857408647,0.008551949571857708,0.012798964378910127,0.01489666441415315,0.04361982566665908,0.0,0.013058408230715015,0.028796646376092378,0.03225099026302348,0.0,0.0,0.0,0.03448509832282567,0.014130773383093606,0.005991185637571507,0.0,0.0,0.0,0.0,0.02098111548978321,0.021291226183526288,0.0,0.033416930033023685,0.0,0.03510324635915782,0.0,0.02044537703069018,0.14953695752157867,0.0,0.025304699658189055,0.0,0.02743417915105334,0.01924238362575169,0.041492512039978835,0.03704053835921361,0.0,0.014332628778946139,0.0617277874492124,0.0,0.008850956660140673,0.0,0.014161620958507974,0.0,0.0
한국,0.0,0.0,0.03532341506232532,0.0,0.017559997754074567,0.02655938492250157,0.08526176742616817,0.011802614610212186,0.038042413793753165,0.0,0.022371351058479337,0.0,0.0,0.0,0.02897865151172599,0.0,0.0,0.0,0.0,0.0,0.0,0.0,0.04942101125320028,0.025850640593528193,0.0,0.0,0.0,0.0,0.030213010367195762,0.0,0.08787209966524326,0.0,0.0,0.02796155460532145,0.0,0.0,0.03180804968659735,0.07895892845022175,0.06529813096671097,0.022507660124235537,0.03803579808921838,0.0,0.11486689431537973,0.0,0.0,0.021211330628643627,0.0,0.03853750905140192,0.0,0.0,0.0,0.0,0.014174003321241604,0.0,0.0,0.0,0.0,0.02843794397716981,0.01697553486501378,0.0,0.015978525208085775,0.0,0.0,0.0,0.03996660900108393,0.0,0.0,0.07989333807142882,0.0,0.0,0.0,0.0,0.0,0.006595504199763284,0.0,0.0,0.02200244703655053,0.0689923310940659,0.025052062123312263,0.034846366029401506,0.0,0.0,0.0,0.0,0.027560762553473783,0.032798520576583855,0.0,0.05034424134036442,0.0,0.044602269040870425,0.0708993017401938,0.10391084669792792,0.0,0.0,0.0,0.0,0.049172406719008896,0.0,0.0,0.0,0.0,0.039751694602135165,0.0,0.020636501280901387,0.018293477792481545,0.0,0.0,0.0,0.03217039395253736,0.0,0.0,0.0,0.0,0.0,0.0,0.017559997754074567,0.0,0.0,0.0,0.0,0.0,0.02714618014047198,0.0,0.018829134241353452,0.0,0.032798520576583855,0.016006555896227563,0.0,0.014375582987746533,0.03170130481712161,0.03550408126103693,0.0,0.02200244703655053,0.05034424134036442,0.0,0.015556115405543506,0.006595504199763284,0.0,0.0,0.0,0.0,0.011548718709430243,0.0,0.022705642779947514,0.0,0.0,0.0,0.3083084048690265,0.022507660124235537,0.0,0.0955631203936084,0.05571426524416136,0.022437045289908544,0.030201408327780434,0.0,0.09135555263126087,0.020388370607116794,0.0,0.09466998923789476,0.0,0.012663083129748723,0.0,0.0,0.0,0.0,0.22266142609827763
투자,0.0,0.0,0.08585199897689241,0.0,0.0,0.0,0.0,0.0,0.0,0.047525686147537674,0.0,0.0,0.0,0.0,0.035215665806190684,0.038780310976340236,0.0,0.0,0.03986574327972982,0.0,0.017303022411293157,0.0,0.0,0.0,0.0,0.021716107761239334,0.0,0.0,0.0,0.0,0.05339231354929217,0.0,0.0,0.0,0.0,0.0,0.03865402940701585,0.0,0.0,0.0,0.0,0.0,0.06979472734900402,0.0,0.0,0.0,0.0,0.0,0.17696662412890557,0.0,0.0,0.0,0.017224644283213287,0.0,0.0,0.0,0.0917942997321168,0.034558582924742086,0.0,0.049241319090587994,0.0,0.0,0.0,0.024853350798675334,0.0,0.0,0.0,0.0,0.08772159874995603,0.01841418400508286,0.0,0.0,0.0,0.008015040714651842,0.0,0.13781971237482304,0.18716591246864311,0.0,0.030443964831610843,0.0,0.08737131829592062,0.0,0.0,0.024033053296249465,0.0,0.0,0.0376443405475304,0.10196621109112514,0.0,0.0,0.0,0.09821416886190962,0.0,0.0,0.11294370787553566,0.0,0.0,0.0,0.0,0.0,0.0,0.016102456110631356,0.0,0.0,0.0,0.0,0.10461603299412828,0.0,0.0,0.0,0.0,0.0,0.0,0.0,0.0,0.0,0.024853350798675334,0.21349022251856173,0.0,0.0,0.0,0.0494831932062825,0.0,0.01144084462651919,0.0,0.0,0.03890322659917916,0.0,0.0,0.0,0.0,0.0,0.18716591246864311,0.10196621109112514,0.04613435200085982,0.018904225448257445,0.008015040714651842,0.0,0.0,0.0,0.0,0.01403432517887973,0.11393407251857185,0.0,0.02235267532804436,0.0,0.0,0.0,0.0,0.16670946222569383,0.0,0.0,0.0,0.0,0.0,0.0,0.0,0.0,0.0,0.08257976960823346,0.0,0.0,0.0,0.0,0.0,0.0
공유,0.036650683596243114,0.0,0.0,0.0,0.0,0.0,0.0,0.0,0.0,0.04579473020150508,0.0,0.0,0.0,0.0,0.0,0.0,0.0,0.0,0.0,0.0,0.06669128273379551,0.0,0.0,0.03027025993252341,0.024433393602630343,0.0,0.0,0.0,0.0,0.0,0.0,0.0,0.0,0.0,0.0,0.0,0.0,0.06163889258460911,0.0,0.1581344307430597,0.0,0.04328273409018868,0.0,0.0,0.025828664186475215,0.0,0.0,0.04512617054565208,0.0,0.0,0.0,0.0,0.0,0.03497439932578874,0.028912260714717777,0.0,0.0,0.0,0.0,0.0,0.0,0.0,0.0,0.0,0.0,0.0,0.0,0.0,0.0,0.0,0.0,0.0,0.0,0.023169363148726033,0.0,0.0,0.0,0.0,0.0,0.0,0.02806304178537926,0.0,0.0,0.04631546773269084,0.0,0.0,0.0,0.01965049010378031,0.0,0.0,0.0,0.013519580461436247,0.0,0.05574044453522455,0.0,0.0,0.0,0.0,0.0,0.0,0.04081274133416955,0.0,0.0,0.0,0.0,0.0,0.025201440494963135,0.052269829549014074,0.0,0.0,0.0,0.0,0.01843408497677221,0.0,0.03324073433184392,0.0,0.0,0.20571459211648555,0.0,0.0,0.01755342816008061,0.06357458926823756,0.015269351899302439,0.0,0.21448565333033354,0.0,0.07497262682528272,0.0,0.0,0.14848479031574469,0.1247223755885664,0.06439891742269899,0.0,0.01965049010378031,0.0444540705070936,0.0,0.023169363148726033,0.0,0.023458173194097917,0.0,0.0,0.0,0.0,0.0,0.021538557754892416,0.049898553996221465,0.015083637711857665,0.0,0.1581344307430597,0.0,0.027975326992493943,0.16309898441284057,0.02627305078131665,0.0,0.0,0.0,0.19099295451349216,0.02623811159427445,0.036951826805118625,0.07957209197509782,0.0,0.0,0.0,0.0,0.1569230885799131,0.03724704185379124
구축,0.028431646708562606,0.048719980206880384,0.0,0.0,0.031902096686944825,0.0241258591717879,0.0,0.021442380444859018,0.0,0.017762555325661077,0.020321557396543236,0.08119487370274153,0.0,0.0,0.02632345844605387,0.028988005228380017,0.030674119371038956,0.0,0.014899679057900145,0.0,0.012933885559384899,0.028224601645948373,0.13467830988193147,0.0,0.0,0.016232635310916666,0.0,0.0,0.0,0.0,0.0,0.031808886877548966,0.014673314581760329,0.0,0.13194232250227553,0.06271830540800344,0.0,0.0,0.029657567682396656,0.02044537703069018,0.0,0.03357643796742296,0.0,0.12802973946304574,0.10018250453304528,0.0,0.0,0.02333765180477814,0.0,0.0,0.022341376630564718,0.06726217620282603,0.10300238775153696,0.05426254944816062,0.0,0.04027403878435461,0.0,0.0,0.0,0.0368075340118121,0.0,0.0,0.0,0.0,0.018152317592211073,0.0,0.011754935921598472,0.07257304446995401,0.0,0.08258682544469916,0.05868520872296625,0.0,0.0,0.0,0.0,0.022893166617075994,0.0,0.02089028377684812,0.0,0.0,0.0,0.0,0.0,0.0,0.02503548474380731,0.01489666441415315,0.0,0.06097521109680549,0.03015110116084343,0.0,0.0,0.01048776987523754,0.0,0.04324046568578009,0.0,0.06304644232155322,0.022333472011914126,0.03090741117841407,0.022227275111448532,0.022727155633583473,0.0,0.012036470832054997,0.0,0.0,0.0,0.0,0.048874835500551335,0.0,0.0,0.0,0.0,0.0,0.0,0.020247892006315823,0.0,0.031902096686944825,0.0,0.0,0.018413656913011705,0.0,0.01361701389991819,0.024658888789482046,0.011845149287043236,0.042759747859288544,0.012798964378910127,0.01489666441415315,0.014539941888886361,0.06726217620282603,0.05223363292286006,0.028796646376092378,0.03225099026302348,0.024978623710633304,0.0,0.06097521109680549,0.0,0.014130773383093606,0.0,0.0,0.0,0.0,0.0,0.04196223097956642,0.042582452367052576,0.0,0.0,0.0,0.0,0.0,0.02044537703069018,0.0,0.0,0.025304699658189055,0.020381232339335947,0.02743417915105334,0.01924238362575169,0.0,0.018520269179606804,0.02035412838042452,0.0,0.0,0.01150281759763681,0.053105739960844035,0.0,0.014161620958507974,0.0,0.0
추진,0.0,0.051260390236684945,0.0,0.018020430822150893,0.08391392600105685,0.07615156763342662,0.0,0.0,0.0,0.0373774994869767,0.0641435582244071,0.05125717490295406,0.0,0.0,0.05539208951211036,0.0,0.0,0.0,0.0,0.04445365742303422,0.0,0.0,0.02361680872217744,0.0,0.0,0.034158109961213386,0.0,0.019017829377026903,0.0,0.0,0.04199142261937787,0.10040250103226382,0.0,0.02672396496726215,0.0,0.06598863128732997,0.0,0.025154724853945303,0.03120400473101697,0.0,0.0,0.0,0.05489141971738238,0.0,0.12648759516188288,0.02027250861513286,0.0,0.0,0.0,0.09106484032028136,0.0,0.023589811173189576,0.02709331248203418,0.0,0.023598086619935656,0.014124683793158658,0.04812894063915013,0.08153780746248815,0.0,0.03872679235672364,0.0,0.0,0.0,0.05863920221014645,0.0,0.030135642554798798,0.049471498140162856,0.02545240894596235,0.0,0.0,0.020581745500762243,0.0,0.0,0.012607169069373574,0.0,0.024086886931432638,0.0,0.04395913520527643,0.023943247791153185,0.0,0.0,0.017364225964977466,0.0,0.01890126182423542,0.02634091213261412,0.015673422440893953,0.0,0.0,0.0,0.04262815469787144,0.0,0.011034634542837977,0.03804711783534264,0.0,0.06344769572259432,0.06633387827158979,0.023498008123351496,0.01083967297389173,0.0,0.09564887849300369,0.0,0.0,0.0,0.0,0.0,0.016108271536525744,0.0102846640325943,0.0,0.0,0.0,0.0,0.0,0.0,0.0,0.054261943458044026,0.08391392600105685,0.05863920221014645,0.0,0.019373801775726344,0.0,0.05730818800863092,0.025944679303735757,0.0,0.02699362379518997,0.026932683712203538,0.015673422440893953,0.045894297908876,0.023589811173189576,0.0,0.0,0.0,0.0,0.0,0.0,0.0,0.0,0.012607169069373574,0.0,0.0,0.0,0.0,0.0993381100255272,0.022401416382984315,0.0,0.0,0.0,0.0,0.0,0.0,0.03933356892189471,0.0685000937253419,0.0,0.021443972653161322,0.0,0.020245740855221645,0.021828029794327512,0.0,0.0,0.0,0.0,0.0,0.009312472838458237,0.025323689899213922,0.014900051552455619,0.0,0.0
전략,0.0,0.0,0.04099126613720091,0.0,0.0,0.0,0.0,0.0,0.02207327215629932,0.022691819322123795,0.0,0.0,0.0,0.04780345245258475,0.06725689542296269,0.0,0.0,0.0,0.0,0.0,0.0,0.0,0.0,0.05999705784487573,0.0,0.0,0.0,0.0,0.0,0.0,0.0,0.04063613036692129,0.0,0.0,0.0,0.0,0.036911839574630026,0.0,0.0,0.15671488467074643,0.0,0.0,0.0,0.0,0.0,0.0,0.02397272196776677,0.05962810738065386,0.0,0.0,0.057082606935038555,0.057285344427231794,0.03289661213930976,0.051990660076507426,0.0,0.0,0.0,0.06600196090362048,0.0,0.09404389134060379,0.0,0.030821270273855884,0.0,0.0,0.0,0.03659059944595088,0.015017033145602765,0.06180846477606909,0.0,0.01758423161363789,0.0,0.0,0.0183296391097759,0.0,0.0,0.014623109993511883,0.0,0.0,0.0,0.0,0.0,0.0,0.0,0.16064895560903064,0.0,0.0,0.0,0.058422272920587194,0.038518294657555,0.0,0.027425171485129133,0.12058395724256032,0.0,0.11048014396089686,0.015407597271121265,0.0,0.0,0.07896897460039963,0.028395537781856706,0.0,0.0,0.0,0.0,0.0,0.0,0.0,0.08741323997255777,0.0,0.03733232412325673,0.0,0.0,0.0,0.0,0.0,0.032942337874855704,0.0,0.0,0.0,0.0,0.0,0.0,0.03150194545977834,0.060529126026559466,0.0,0.0,0.0,0.0,0.057285344427231794,0.0,0.0,0.0,0.03191040960971155,0.0,0.058422272920587194,0.0,0.0,0.0,0.0,0.0,0.0,0.0,0.013401778999189528,0.0,0.0,0.10672604880137146,0.0,0.0,0.059629718955653575,0.15671488467074643,0.0,0.0,0.0,0.15622321225537694,0.07009480619571935,0.024582312879934683,0.0,0.0,0.0,0.054930174746827404,0.0,0.0,0.045228697262877746,0.0,0.0,0.0,0.0
그룹,0.0,0.0,0.0,0.05073277931315239,0.0,0.03573148641881455,0.014338291783308489,0.0,0.025590050292519803,0.05261429239581077,0.0,0.0,0.0,0.0,0.03898623013854307,0.0,0.0,0.0,0.0,0.0,0.05746700495724747,0.0,0.0,0.0,0.0,0.0,0.0,0.0,0.0,0.0,0.05910906342415454,0.0,0.0,0.0,0.0,0.0,0.0,0.0,0.0,0.0,0.0,0.0,0.0,0.0,0.0,0.0,0.0,0.0518461735956276,0.0,0.0,0.03308858722785478,0.06641221267680646,0.305102371098419,0.0,0.0,0.0,0.0,0.0,0.022837919449236334,0.0,0.0,0.0,0.0,0.0,0.0,0.0,0.0,0.0,0.0,0.0203858027102653,0.0,0.0,0.0,0.0,0.10426331795582042,0.0,0.029600841275549513,0.0,0.0,0.0,0.0,0.0,0.0,0.0,0.0,0.08825052959314038,0.0,0.0,0.0,0.0,0.09538388952248976,0.0,0.0,0.0,0.0,0.0,0.0,0.0,0.03291959772776545,0.0,0.0,0.0,0.0,0.0,0.0,0.0,0.0,0.0,0.0,0.0,0.0,0.0,0.0,0.029988042004295674,0.0,0.0,0.0,0.04726975200891563,0.0,0.0,0.0,0.0,0.07017280302684462,0.2913139366156399,0.0,0.08825052959314038,0.0,0.06641221267680646,0.0,0.0,0.0,0.0,0.029600841275549513,0.0,0.0,0.08371325284295567,0.0,0.0,0.0,0.08374361922460391,0.0,0.0,0.29956603663710685,0.0,0.0,0.0,0.12130881545332312,0.0,0.0,0.0,0.0,0.0,0.0,0.0,0.028498838706361104,0.0,0.0,0.030145382869614493,0.042454540326563,0.0,0.0,0.10486933060279344,0.0,0.2516879983477883,0.0,0.0
안전,0.0,0.031689575642237885,0.0,0.0,0.0,0.0,0.0,0.02789409741841567,0.0,0.09242825439612627,0.0,0.0,0.05751591718452904,0.0,0.2054629474107359,0.03771009678171445,0.0,0.0,0.03876557457908933,0.0,0.01682551360003603,0.0,0.02920019309155012,0.09164244248309347,0.024657159347020015,0.0,0.0589036182130907,0.0,0.0,0.22375867212386244,0.0,0.0,0.0,0.16520964927896678,0.0,0.0,0.0,0.031101696742382542,0.0,0.10638843763021567,0.0,0.0436791257405024,0.0,0.027758687475802284,0.07819562426621263,0.0,0.0,0.0,0.0,0.0,0.0,0.0,0.0,0.0,0.0,0.03492796160304377,0.0,0.03360487510082145,0.020059844318084247,0.047882414086319304,0.0,0.0,0.0,0.0,0.023614099963819826,0.0,0.0,0.0,0.0,0.0,0.0,0.0,0.07466023427111394,0.015587701771824542,0.0,0.0,0.0,0.19023117726493954,0.0,0.02058882630677588,0.0,0.0,0.0,0.0,0.06513663463409479,0.0,0.0,0.03966090618568762,0.0,0.0,0.05585406553130572,0.013643395394187288,0.07056308075563739,0.0,0.06275818170382699,0.027338749515620656,0.0,0.0,0.028915156080691763,0.0,0.020593256156545406,0.0313161582807154,0.0,0.0,0.0,0.0,0.0,0.0,0.0,0.10101754204552449,0.0,0.0,0.0,0.0,0.0,0.0,0.0,0.0,0.0,0.0,0.05314255755078348,0.03207840882650717,0.0,0.0,0.0,0.0,0.0,0.0,0.0,0.0,0.0,0.0,0.0,0.03966090618568762,0.0,0.0,0.015587701771824542,0.0,0.0,0.0,0.0,0.0,0.013848731460764584,0.0,0.0,0.0,0.0,0.0,0.10638843763021567,0.1296870457546138,0.0,0.0,0.0,0.0,0.0,0.05397703748211639,0.0,0.0,0.0,0.040150414291907875,0.0,0.0,0.0,0.0,0.0,0.0
확대,0.0,0.0,0.0,0.03551406605098228,0.03307495519957905,0.0,0.0,0.0,0.0,0.0,0.042137330788756394,0.01683598941164666,0.0,0.019397485325703952,0.0,0.0,0.0,0.0,0.030894910899685334,0.0,0.013409390913425447,0.0,0.0,0.0,0.019650959629434757,0.0,0.0,0.01873985298430922,0.0,0.0,0.0,0.0,0.01521276884035206,0.0,0.027358618140462424,0.03251205025674898,0.029955864263310553,0.0,0.0,0.04239407434341526,0.0,0.0,0.0,0.022122777375773114,0.04154625799962649,0.0,0.0,0.012097822213395313,0.0,0.0,0.04632548377017766,0.0,0.04004594972741133,0.0,0.0,0.0,0.0,0.0,0.0,0.0,0.0,0.0,0.035323198491641866,0.0,0.03763934997893766,0.02969516130725266,0.0,0.05016076149258392,0.0,0.0,0.04056181987947242,0.0,0.0,0.018634342297269502,0.0,0.059337045121719965,0.041442485369689724,0.0,0.0,0.0,0.0,0.0,0.0,0.018624989255187123,0.07786769105743734,0.0,0.0,0.031608461272970574,0.03125958553441949,0.0,0.0,0.04349338191416488,0.0,0.0,0.07502436580722849,0.02178810038454891,0.0,0.02136246717767927,0.04608889100513121,0.07068811135873548,0.016412160041452243,0.012478983354538398,0.0,0.0,0.034456494067057954,0.01587282304627641,0.07094035901786612,0.0,0.030297109192001084,0.0,0.03168345495410107,0.08339943212440891,0.014825916758657843,0.0,0.10693763445737806,0.03307495519957905,0.0,0.0,0.0,0.04348107907163661,0.04235290198429003,0.012782727887557344,0.012280628005293661,0.026599068243123164,0.0,0.0,0.07537246396350485,0.0,0.0,0.0,0.0334366756065937,0.025896945529427496,0.041442485369689724,0.031608461272970574,0.0,0.04395084446965084,0.018634342297269502,0.0,0.0,0.058622383097388625,0.0,0.0,0.011036991691715613,0.0,0.12125918120946265,0.013377244903621823,0.012131264308238594,0.024196298364964636,0.04239407434341526,0.11627593522869237,0.0,0.026235009433593404,0.0,0.0,0.059849449639650075,0.04301795553775941,0.01920115406240099,0.0,0.02971911591941448,0.031998583423630156,0.0,0.036705423832204424,0.0,0.04404678946519686,0.0,0.0
